,filepath,filename,label
1467,image_data/ready_position/R_142.jpeg,R_142.jpeg,ready_position
936,image_data/forehand/F_498.jpeg,F_498.jpeg,forehand
71,image_data/backhand/B_483.jpeg,B_483.jpeg,backhand
1354,image_data/ready_position/R_083.jpeg,R_083.jpeg,ready_position
45,image_data/backhand/B_085.jpeg,B_085.jpeg,backhand
657,image_data/forehand/F_490.jpeg,F_490.jpeg,forehand
744,image_data/forehand/F_171.jpeg,F_171.jpeg,forehand
1183,image_data/ready_position/R_448.jpeg,R_448.jpeg,ready_position
1168,image_data/ready_position/R_425.jpeg,R_425.jpeg,ready_position
767,image_data/forehand/F_365.jpeg,F_365.jpeg,forehand
1537,image_data/serve/S_205.jpeg,S_205.jpeg,serve
1179,image_data/ready_position/R_366.jpeg,R_366.jpeg,ready_position
400,image_data/backhand/B_212.jpeg,B_212.jpeg,backhand
176,image_data/backhand/B_164.jpeg,B_164.jpeg,backhand
855,image_data/forehand/F_098.jpeg,F_098.jpeg,forehand
155,image_data/backhand/B_216.jpeg,B_216.jpeg,backhand
1137,image_data/ready_position/R_203.jpeg,R_203.jpeg,ready_position
1750,image_data/serve/S_097.jpeg,S_097.jpeg,serve
1462,image_data/ready_position/R_011.jpeg,R_011.jpeg,ready_position
227,image_data/backhand/B_016.jpeg,B_016.jpeg,backhand
934,image_data/forehand/F_359.jpeg,F_359.jpeg,forehand
299,image_data/backhand/B_367.jpeg,B_367.jpeg,backhand
1348,image_data/ready_position/R_187.jpeg,R_187.jpeg,ready_position
726,image_data/forehand/F_307.jpeg,F_307.jpeg,forehand
465,image_data/backhand/B_478.jpeg,B_478.jpeg,backhand
1563,image_data/serve/S_053.jpeg,S_053.jpeg,serve
940,image_data/forehand/F_499.jpeg,F_499.jpeg,forehand
2,image_data/backhand/B_322.jpeg,B_322.jpeg,backhand
1868,image_data/serve/S_152.jpeg,S_152.jpeg,serve
1043,image_data/ready_position/R_317.jpeg,R_317.jpeg,ready_position
1308,image_data/ready_position/R_431.jpeg,R_431.jpeg,ready_position
683,image_data/forehand/F_279.jpeg,F_279.jpeg,forehand
1307,image_data/ready_position/R_061.jpeg,R_061.jpeg,ready_position
592,image_data/forehand/F_395.jpeg,F_395.jpeg,forehand
1690,image_data/serve/S_370.jpeg,S_370.jpeg,serve
1704,image_data/serve/S_388.jpeg,S_388.jpeg,serve
1259,image_data/ready_position/R_112.jpeg,R_112.jpeg,ready_position
1616,image_data/serve/S_176.jpeg,S_176.jpeg,serve
371,image_data/backhand/B_350.jpeg,B_350.jpeg,backhand
1180,image_data/ready_position/R_223.jpeg,R_223.jpeg,ready_position
1169,image_data/ready_position/R_075.jpeg,R_075.jpeg,ready_position
214,image_data/backhand/B_240.jpeg,B_240.jpeg,backhand
1725,image_data/serve/S_146.jpeg,S_146.jpeg,serve
1439,image_data/ready_position/R_302.jpeg,R_302.jpeg,ready_position
103,image_data/backhand/B_175.jpeg,B_175.jpeg,backhand
296,image_data/backhand/B_019.jpeg,B_019.jpeg,backhand
961,image_data/forehand/F_323.jpeg,F_323.jpeg,forehand
1637,image_data/serve/S_203.jpeg,S_203.jpeg,serve
425,image_data/backhand/B_414.jpeg,B_414.jpeg,backhand
1818,image_data/serve/S_021.jpeg,S_021.jpeg,serve
1734,image_data/serve/S_279.jpeg,S_279.jpeg,serve
887,image_data/forehand/F_338.jpeg,F_338.jpeg,forehand
895,image_data/forehand/F_103.jpeg,F_103.jpeg,forehand
208,image_data/backhand/B_260.jpeg,B_260.jpeg,backhand
415,image_data/backhand/B_068.jpeg,B_068.jpeg,backhand
918,image_data/forehand/F_158.jpeg,F_158.jpeg,forehand
537,image_data/forehand/F_025.jpeg,F_025.jpeg,forehand
1667,image_data/serve/S_167.jpeg,S_167.jpeg,serve
358,image_data/backhand/B_468.jpeg,B_468.jpeg,backhand
979,image_data/forehand/F_196.jpeg,F_196.jpeg,forehand
1673,image_data/serve/S_433.jpeg,S_433.jpeg,serve
1197,image_data/ready_position/R_263.jpeg,R_263.jpeg,ready_position
286,image_data/backhand/B_023.jpeg,B_023.jpeg,backhand
20,image_data/backhand/B_162.jpeg,B_162.jpeg,backhand
1546,image_data/serve/S_383.jpeg,S_383.jpeg,serve
1543,image_data/serve/S_317.jpeg,S_317.jpeg,serve
1245,image_data/ready_position/R_081.jpeg,R_081.jpeg,ready_position
1549,image_data/serve/S_045.jpeg,S_045.jpeg,serve
1617,image_data/serve/S_208.jpeg,S_208.jpeg,serve
1858,image_data/serve/S_484.jpeg,S_484.jpeg,serve
1012,image_data/ready_position/R_462.jpeg,R_462.jpeg,ready_position
765,image_data/forehand/F_109.jpeg,F_109.jpeg,forehand
51,image_data/backhand/B_314.jpeg,B_314.jpeg,backhand
633,image_data/forehand/F_424.jpeg,F_424.jpeg,forehand
1418,image_data/ready_position/R_293.jpeg,R_293.jpeg,ready_position
861,image_data/forehand/F_061.jpeg,F_061.jpeg,forehand
273,image_data/backhand/B_111.jpeg,B_111.jpeg,backhand
1435,image_data/ready_position/R_495.jpeg,R_495.jpeg,ready_position
1569,image_data/serve/S_005.jpeg,S_005.jpeg,serve
577,image_data/forehand/F_462.jpeg,F_462.jpeg,forehand
1815,image_data/serve/S_020.jpeg,S_020.jpeg,serve
1318,image_data/ready_position/R_021.jpeg,R_021.jpeg,ready_position
1343,image_data/ready_position/R_373.jpeg,R_373.jpeg,ready_position
1566,image_data/serve/S_052.jpeg,S_052.jpeg,serve
1998,image_data/serve/S_230.jpeg,S_230.jpeg,serve
557,image_data/forehand/F_320.jpeg,F_320.jpeg,forehand
912,image_data/forehand/F_119.jpeg,F_119.jpeg,forehand
630,image_data/forehand/F_189.jpeg,F_189.jpeg,forehand
280,image_data/backhand/B_074.jpeg,B_074.jpeg,backhand
991,image_data/forehand/F_006.jpeg,F_006.jpeg,forehand
1004,image_data/ready_position/R_423.jpeg,R_423.jpeg,ready_position
1191,image_data/ready_position/R_235.jpeg,R_235.jpeg,ready_position
1905,image_data/serve/S_401.jpeg,S_401.jpeg,serve
339,image_data/backhand/B_281.jpeg,B_281.jpeg,backhand
479,image_data/backhand/B_360.jpeg,B_360.jpeg,backhand
1097,image_data/ready_position/R_496.jpeg,R_496.jpeg,ready_position
1919,image_data/serve/S_047.jpeg,S_047.jpeg,serve
335,image_data/backhand/B_130.jpeg,B_130.jpeg,backhand
1836,image_data/serve/S_277.jpeg,S_277.jpeg,serve
1372,image_data/ready_position/R_451.jpeg,R_451.jpeg,ready_position
1806,image_data/serve/S_124.jpeg,S_124.jpeg,serve
621,image_data/forehand/F_090.jpeg,F_090.jpeg,forehand
1387,image_data/ready_position/R_227.jpeg,R_227.jpeg,ready_position
1176,image_data/ready_position/R_034.jpeg,R_034.jpeg,ready_position
1267,image_data/ready_position/R_153.jpeg,R_153.jpeg,ready_position
131,image_data/backhand/B_410.jpeg,B_410.jpeg,backhand
1903,image_data/serve/S_026.jpeg,S_026.jpeg,serve
1557,image_data/serve/S_141.jpeg,S_141.jpeg,serve
1774,image_data/serve/S_485.jpeg,S_485.jpeg,serve
1126,image_data/ready_position/R_475.jpeg,R_475.jpeg,ready_position
245,image_data/backhand/B_428.jpeg,B_428.jpeg,backhand
7,image_data/backhand/B_363.jpeg,B_363.jpeg,backhand
1224,image_data/ready_position/R_392.jpeg,R_392.jpeg,ready_position
47,image_data/backhand/B_206.jpeg,B_206.jpeg,backhand
600,image_data/forehand/F_454.jpeg,F_454.jpeg,forehand
1643,image_data/serve/S_468.jpeg,S_468.jpeg,serve
1202,image_data/ready_position/R_367.jpeg,R_367.jpeg,ready_position
1795,image_data/serve/S_276.jpeg,S_276.jpeg,serve
1002,image_data/ready_position/R_161.jpeg,R_161.jpeg,ready_position
1929,image_data/serve/S_342.jpeg,S_342.jpeg,serve
919,image_data/forehand/F_271.jpeg,F_271.jpeg,forehand
1794,image_data/serve/S_149.jpeg,S_149.jpeg,serve
685,image_data/forehand/F_003.jpeg,F_003.jpeg,forehand
262,image_data/backhand/B_279.jpeg,B_279.jpeg,backhand
1629,image_data/serve/S_307.jpeg,S_307.jpeg,serve
747,image_data/forehand/F_433.jpeg,F_433.jpeg,forehand
1227,image_data/ready_position/R_453.jpeg,R_453.jpeg,ready_position
1199,image_data/ready_position/R_275.jpeg,R_275.jpeg,ready_position
1303,image_data/ready_position/R_466.jpeg,R_466.jpeg,ready_position
1649,image_data/serve/S_413.jpeg,S_413.jpeg,serve
1579,image_data/serve/S_414.jpeg,S_414.jpeg,serve
253,image_data/backhand/B_310.jpeg,B_310.jpeg,backhand
1289,image_data/ready_position/R_240.jpeg,R_240.jpeg,ready_position
252,image_data/backhand/B_255.jpeg,B_255.jpeg,backhand
118,image_data/backhand/B_374.jpeg,B_374.jpeg,backhand
1113,image_data/ready_position/R_199.jpeg,R_199.jpeg,ready_position
247,image_data/backhand/B_097.jpeg,B_097.jpeg,backhand
81,image_data/backhand/B_155.jpeg,B_155.jpeg,backhand
1854,image_data/serve/S_083.jpeg,S_083.jpeg,serve
821,image_data/forehand/F_305.jpeg,F_305.jpeg,forehand
701,image_data/forehand/F_452.jpeg,F_452.jpeg,forehand
950,image_data/forehand/F_437.jpeg,F_437.jpeg,forehand
1860,image_data/serve/S_386.jpeg,S_386.jpeg,serve
64,image_data/backhand/B_138.jpeg,B_138.jpeg,backhand
1927,image_data/serve/S_250.jpeg,S_250.jpeg,serve
1207,image_data/ready_position/R_035.jpeg,R_035.jpeg,ready_position
1299,image_data/ready_position/R_364.jpeg,R_364.jpeg,ready_position
1352,image_data/ready_position/R_345.jpeg,R_345.jpeg,ready_position
720,image_data/forehand/F_215.jpeg,F_215.jpeg,forehand
346,image_data/backhand/B_413.jpeg,B_413.jpeg,backhand
1754,image_data/serve/S_490.jpeg,S_490.jpeg,serve
1143,image_data/ready_position/R_192.jpeg,R_192.jpeg,ready_position
1215,image_data/ready_position/R_131.jpeg,R_131.jpeg,ready_position
1614,image_data/serve/S_199.jpeg,S_199.jpeg,serve
993,image_data/forehand/F_143.jpeg,F_143.jpeg,forehand
637,image_data/forehand/F_432.jpeg,F_432.jpeg,forehand
629,image_data/forehand/F_473.jpeg,F_473.jpeg,forehand
790,image_data/forehand/F_001.jpeg,F_001.jpeg,forehand
1198,image_data/ready_position/R_330.jpeg,R_330.jpeg,ready_position
1764,image_data/serve/S_329.jpeg,S_329.jpeg,serve
1944,image_data/serve/S_210.jpeg,S_210.jpeg,serve
755,image_data/forehand/F_188.jpeg,F_188.jpeg,forehand
822,image_data/forehand/F_240.jpeg,F_240.jpeg,forehand
1171,image_data/ready_position/R_219.jpeg,R_219.jpeg,ready_position
956,image_data/forehand/F_362.jpeg,F_362.jpeg,forehand
1364,image_data/ready_position/R_105.jpeg,R_105.jpeg,ready_position
1791,image_data/serve/S_372.jpeg,S_372.jpeg,serve
496,image_data/backhand/B_161.jpeg,B_161.jpeg,backhand
721,image_data/forehand/F_350.jpeg,F_350.jpeg,forehand
53,image_data/backhand/B_494.jpeg,B_494.jpeg,backhand
225,image_data/backhand/B_082.jpeg,B_082.jpeg,backhand
1918,image_data/serve/S_293.jpeg,S_293.jpeg,serve
1925,image_data/serve/S_196.jpeg,S_196.jpeg,serve
1523,image_data/serve/S_321.jpeg,S_321.jpeg,serve
1942,image_data/serve/S_181.jpeg,S_181.jpeg,serve
407,image_data/backhand/B_479.jpeg,B_479.jpeg,backhand
196,image_data/backhand/B_431.jpeg,B_431.jpeg,backhand
884,image_data/forehand/F_007.jpeg,F_007.jpeg,forehand
1136,image_data/ready_position/R_096.jpeg,R_096.jpeg,ready_position
1584,image_data/serve/S_253.jpeg,S_253.jpeg,serve
1494,image_data/ready_position/R_267.jpeg,R_267.jpeg,ready_position
1814,image_data/serve/S_165.jpeg,S_165.jpeg,serve
444,image_data/backhand/B_395.jpeg,B_395.jpeg,backhand
1147,image_data/ready_position/R_106.jpeg,R_106.jpeg,ready_position
604,image_data/forehand/F_012.jpeg,F_012.jpeg,forehand
135,image_data/backhand/B_369.jpeg,B_369.jpeg,backhand
1030,image_data/ready_position/R_182.jpeg,R_182.jpeg,ready_position
236,image_data/backhand/B_057.jpeg,B_057.jpeg,backhand
640,image_data/forehand/F_465.jpeg,F_465.jpeg,forehand
1624,image_data/serve/S_249.jpeg,S_249.jpeg,serve
1011,image_data/ready_position/R_198.jpeg,R_198.jpeg,ready_position
1255,image_data/ready_position/R_243.jpeg,R_243.jpeg,ready_position
378,image_data/backhand/B_249.jpeg,B_249.jpeg,backhand
1332,image_data/ready_position/R_037.jpeg,R_037.jpeg,ready_position
1212,image_data/ready_position/R_218.jpeg,R_218.jpeg,ready_position
470,image_data/backhand/B_213.jpeg,B_213.jpeg,backhand
593,image_data/forehand/F_116.jpeg,F_116.jpeg,forehand
314,image_data/backhand/B_366.jpeg,B_366.jpeg,backhand
975,image_data/forehand/F_342.jpeg,F_342.jpeg,forehand
285,image_data/backhand/B_473.jpeg,B_473.jpeg,backhand
870,image_data/forehand/F_276.jpeg,F_276.jpeg,forehand
898,image_data/forehand/F_178.jpeg,F_178.jpeg,forehand
1824,image_data/serve/S_076.jpeg,S_076.jpeg,serve
1444,image_data/ready_position/R_210.jpeg,R_210.jpeg,ready_position
1739,image_data/serve/S_039.jpeg,S_039.jpeg,serve
381,image_data/backhand/B_463.jpeg,B_463.jpeg,backhand
869,image_data/forehand/F_108.jpeg,F_108.jpeg,forehand
679,image_data/forehand/F_150.jpeg,F_150.jpeg,forehand
927,image_data/forehand/F_123.jpeg,F_123.jpeg,forehand
29,image_data/backhand/B_142.jpeg,B_142.jpeg,backhand
1619,image_data/serve/S_434.jpeg,S_434.jpeg,serve
1980,image_data/serve/S_359.jpeg,S_359.jpeg,serve
161,image_data/backhand/B_220.jpeg,B_220.jpeg,backhand
1724,image_data/serve/S_392.jpeg,S_392.jpeg,serve
197,image_data/backhand/B_061.jpeg,B_061.jpeg,backhand
1595,image_data/serve/S_183.jpeg,S_183.jpeg,serve
785,image_data/forehand/F_406.jpeg,F_406.jpeg,forehand
1269,image_data/ready_position/R_041.jpeg,R_041.jpeg,ready_position
1075,image_data/ready_position/R_013.jpeg,R_013.jpeg,ready_position
94,image_data/backhand/B_143.jpeg,B_143.jpeg,backhand
989,image_data/forehand/F_339.jpeg,F_339.jpeg,forehand
1431,image_data/ready_position/R_138.jpeg,R_138.jpeg,ready_position
110,image_data/backhand/B_067.jpeg,B_067.jpeg,backhand
874,image_data/forehand/F_325.jpeg,F_325.jpeg,forehand
485,image_data/backhand/B_209.jpeg,B_209.jpeg,backhand
1428,image_data/ready_position/R_084.jpeg,R_084.jpeg,ready_position
50,image_data/backhand/B_197.jpeg,B_197.jpeg,backhand
933,image_data/forehand/F_070.jpeg,F_070.jpeg,forehand
234,image_data/backhand/B_104.jpeg,B_104.jpeg,backhand
34,image_data/backhand/B_396.jpeg,B_396.jpeg,backhand
13,image_data/backhand/B_436.jpeg,B_436.jpeg,backhand
1107,image_data/ready_position/R_336.jpeg,R_336.jpeg,ready_position
1870,image_data/serve/S_328.jpeg,S_328.jpeg,serve
1457,image_data/ready_position/R_416.jpeg,R_416.jpeg,ready_position
1805,image_data/serve/S_348.jpeg,S_348.jpeg,serve
1399,image_data/ready_position/R_421.jpeg,R_421.jpeg,ready_position
187,image_data/backhand/B_165.jpeg,B_165.jpeg,backhand
1693,image_data/serve/S_234.jpeg,S_234.jpeg,serve
96,image_data/backhand/B_071.jpeg,B_071.jpeg,backhand
1561,image_data/serve/S_116.jpeg,S_116.jpeg,serve
275,image_data/backhand/B_404.jpeg,B_404.jpeg,backhand
1823,image_data/serve/S_426.jpeg,S_426.jpeg,serve
1329,image_data/ready_position/R_488.jpeg,R_488.jpeg,ready_position
988,image_data/forehand/F_155.jpeg,F_155.jpeg,forehand
123,image_data/backhand/B_001.jpeg,B_001.jpeg,backhand
1453,image_data/ready_position/R_178.jpeg,R_178.jpeg,ready_position
185,image_data/backhand/B_077.jpeg,B_077.jpeg,backhand
754,image_data/forehand/F_472.jpeg,F_472.jpeg,forehand
1966,image_data/serve/S_457.jpeg,S_457.jpeg,serve
111,image_data/backhand/B_159.jpeg,B_159.jpeg,backhand
464,image_data/backhand/B_182.jpeg,B_182.jpeg,backhand
1270,image_data/ready_position/R_411.jpeg,R_411.jpeg,ready_position
1346,image_data/ready_position/R_492.jpeg,R_492.jpeg,ready_position
1950,image_data/serve/S_314.jpeg,S_314.jpeg,serve
22,image_data/backhand/B_027.jpeg,B_027.jpeg,backhand
439,image_data/backhand/B_287.jpeg,B_287.jpeg,backhand
1863,image_data/serve/S_410.jpeg,S_410.jpeg,serve
9,image_data/backhand/B_334.jpeg,B_334.jpeg,backhand
684,image_data/forehand/F_146.jpeg,F_146.jpeg,forehand
1684,image_data/serve/S_331.jpeg,S_331.jpeg,serve
1638,image_data/serve/S_346.jpeg,S_346.jpeg,serve
1594,image_data/serve/S_479.jpeg,S_479.jpeg,serve
1287,image_data/ready_position/R_186.jpeg,R_186.jpeg,ready_position
408,image_data/backhand/B_496.jpeg,B_496.jpeg,backhand
1412,image_data/ready_position/R_143.jpeg,R_143.jpeg,ready_position
318,image_data/backhand/B_274.jpeg,B_274.jpeg,backhand
446,image_data/backhand/B_415.jpeg,B_415.jpeg,backhand
1518,image_data/serve/S_225.jpeg,S_225.jpeg,serve
954,image_data/forehand/F_030.jpeg,F_030.jpeg,forehand
745,image_data/forehand/F_258.jpeg,F_258.jpeg,forehand
1964,image_data/serve/S_284.jpeg,S_284.jpeg,serve
608,image_data/forehand/F_045.jpeg,F_045.jpeg,forehand
1982,image_data/serve/S_089.jpeg,S_089.jpeg,serve
24,image_data/backhand/B_135.jpeg,B_135.jpeg,backhand
713,image_data/forehand/F_038.jpeg,F_038.jpeg,forehand
1095,image_data/ready_position/R_479.jpeg,R_479.jpeg,ready_position
319,image_data/backhand/B_448.jpeg,B_448.jpeg,backhand
844,image_data/forehand/F_145.jpeg,F_145.jpeg,forehand
612,image_data/forehand/F_194.jpeg,F_194.jpeg,forehand
746,image_data/forehand/F_063.jpeg,F_063.jpeg,forehand
373,image_data/backhand/B_422.jpeg,B_422.jpeg,backhand
1165,image_data/ready_position/R_188.jpeg,R_188.jpeg,ready_position
1296,image_data/ready_position/R_299.jpeg,R_299.jpeg,ready_position
1733,image_data/serve/S_296.jpeg,S_296.jpeg,serve
1281,image_data/ready_position/R_201.jpeg,R_201.jpeg,ready_position
246,image_data/backhand/B_078.jpeg,B_078.jpeg,backhand
1203,image_data/ready_position/R_222.jpeg,R_222.jpeg,ready_position
1979,image_data/serve/S_070.jpeg,S_070.jpeg,serve
966,image_data/forehand/F_495.jpeg,F_495.jpeg,forehand
146,image_data/backhand/B_312.jpeg,B_312.jpeg,backhand
1130,image_data/ready_position/R_184.jpeg,R_184.jpeg,ready_position
555,image_data/forehand/F_336.jpeg,F_336.jpeg,forehand
1498,image_data/ready_position/R_230.jpeg,R_230.jpeg,ready_position
762,image_data/forehand/F_277.jpeg,F_277.jpeg,forehand
1382,image_data/ready_position/R_323.jpeg,R_323.jpeg,ready_position
1433,image_data/ready_position/R_354.jpeg,R_354.jpeg,ready_position
1924,image_data/serve/S_483.jpeg,S_483.jpeg,serve
1829,image_data/serve/S_172.jpeg,S_172.jpeg,serve
1254,image_data/ready_position/R_490.jpeg,R_490.jpeg,ready_position
1390,image_data/ready_position/R_175.jpeg,R_175.jpeg,ready_position
1625,image_data/serve/S_025.jpeg,S_025.jpeg,serve
691,image_data/forehand/F_238.jpeg,F_238.jpeg,forehand
583,image_data/forehand/F_120.jpeg,F_120.jpeg,forehand
816,image_data/forehand/F_492.jpeg,F_492.jpeg,forehand
1749,image_data/serve/S_428.jpeg,S_428.jpeg,serve
1970,image_data/serve/S_400.jpeg,S_400.jpeg,serve
1392,image_data/ready_position/R_030.jpeg,R_030.jpeg,ready_position
1793,image_data/serve/S_325.jpeg,S_325.jpeg,serve
735,image_data/forehand/F_018.jpeg,F_018.jpeg,forehand
1908,image_data/serve/S_397.jpeg,S_397.jpeg,serve
433,image_data/backhand/B_140.jpeg,B_140.jpeg,backhand
987,image_data/forehand/F_010.jpeg,F_010.jpeg,forehand
92,image_data/backhand/B_456.jpeg,B_456.jpeg,backhand
486,image_data/backhand/B_435.jpeg,B_435.jpeg,backhand
828,image_data/forehand/F_344.jpeg,F_344.jpeg,forehand
414,image_data/backhand/B_341.jpeg,B_341.jpeg,backhand
1316,image_data/ready_position/R_470.jpeg,R_470.jpeg,ready_position
817,image_data/forehand/F_187.jpeg,F_187.jpeg,forehand
1612,image_data/serve/S_048.jpeg,S_048.jpeg,serve
958,image_data/forehand/F_335.jpeg,F_335.jpeg,forehand
17,image_data/backhand/B_031.jpeg,B_031.jpeg,backhand
1502,image_data/serve/S_161.jpeg,S_161.jpeg,serve
599,image_data/forehand/F_004.jpeg,F_004.jpeg,forehand
1573,image_data/serve/S_156.jpeg,S_156.jpeg,serve
771,image_data/forehand/F_037.jpeg,F_037.jpeg,forehand
890,image_data/forehand/F_011.jpeg,F_011.jpeg,forehand
1469,image_data/ready_position/R_379.jpeg,R_379.jpeg,ready_position
704,image_data/forehand/F_151.jpeg,F_151.jpeg,forehand
1129,image_data/ready_position/R_307.jpeg,R_307.jpeg,ready_position
178,image_data/backhand/B_021.jpeg,B_021.jpeg,backhand
843,image_data/forehand/F_450.jpeg,F_450.jpeg,forehand
724,image_data/forehand/F_096.jpeg,F_096.jpeg,forehand
1634,image_data/serve/S_079.jpeg,S_079.jpeg,serve
1603,image_data/serve/S_320.jpeg,S_320.jpeg,serve
1604,image_data/serve/S_265.jpeg,S_265.jpeg,serve
552,image_data/forehand/F_224.jpeg,F_224.jpeg,forehand
1671,image_data/serve/S_219.jpeg,S_219.jpeg,serve
1698,image_data/serve/S_330.jpeg,S_330.jpeg,serve
764,image_data/forehand/F_332.jpeg,F_332.jpeg,forehand
89,image_data/backhand/B_401.jpeg,B_401.jpeg,backhand
1381,image_data/ready_position/R_266.jpeg,R_266.jpeg,ready_position
536,image_data/forehand/F_249.jpeg,F_249.jpeg,forehand
1840,image_data/serve/S_261.jpeg,S_261.jpeg,serve
1312,image_data/ready_position/R_077.jpeg,R_077.jpeg,ready_position
1040,image_data/ready_position/R_069.jpeg,R_069.jpeg,ready_position
78,image_data/backhand/B_339.jpeg,B_339.jpeg,backhand
1692,image_data/serve/S_371.jpeg,S_371.jpeg,serve
490,image_data/backhand/B_198.jpeg,B_198.jpeg,backhand
213,image_data/backhand/B_305.jpeg,B_305.jpeg,backhand
1920,image_data/serve/S_417.jpeg,S_417.jpeg,serve
1278,image_data/ready_position/R_082.jpeg,R_082.jpeg,ready_position
738,image_data/forehand/F_274.jpeg,F_274.jpeg,forehand
1337,image_data/ready_position/R_298.jpeg,R_298.jpeg,ready_position
1200,image_data/ready_position/R_019.jpeg,R_019.jpeg,ready_position
1049,image_data/ready_position/R_045.jpeg,R_045.jpeg,ready_position
46,image_data/backhand/B_343.jpeg,B_343.jpeg,backhand
132,image_data/backhand/B_040.jpeg,B_040.jpeg,backhand
1778,image_data/serve/S_082.jpeg,S_082.jpeg,serve
451,image_data/backhand/B_012.jpeg,B_012.jpeg,backhand
1670,image_data/serve/S_130.jpeg,S_130.jpeg,serve
1492,image_data/ready_position/R_271.jpeg,R_271.jpeg,ready_position
334,image_data/backhand/B_425.jpeg,B_425.jpeg,backhand
1645,image_data/serve/S_487.jpeg,S_487.jpeg,serve
1350,image_data/ready_position/R_216.jpeg,R_216.jpeg,ready_position
360,image_data/backhand/B_487.jpeg,B_487.jpeg,backhand
1801,image_data/serve/S_173.jpeg,S_173.jpeg,serve
1238,image_data/ready_position/R_384.jpeg,R_384.jpeg,ready_position
1064,image_data/ready_position/R_117.jpeg,R_117.jpeg,ready_position
266,image_data/backhand/B_445.jpeg,B_445.jpeg,backhand
1745,image_data/serve/S_081.jpeg,S_081.jpeg,serve
188,image_data/backhand/B_470.jpeg,B_470.jpeg,backhand
345,image_data/backhand/B_106.jpeg,B_106.jpeg,backhand
798,image_data/forehand/F_369.jpeg,F_369.jpeg,forehand
1479,image_data/ready_position/R_070.jpeg,R_070.jpeg,ready_position
382,image_data/backhand/B_176.jpeg,B_176.jpeg,backhand
1895,image_data/serve/S_067.jpeg,S_067.jpeg,serve
800,image_data/forehand/F_410.jpeg,F_410.jpeg,forehand
1077,image_data/ready_position/R_101.jpeg,R_101.jpeg,ready_position
1260,image_data/ready_position/R_391.jpeg,R_391.jpeg,ready_position
1623,image_data/serve/S_137.jpeg,S_137.jpeg,serve
1438,image_data/ready_position/R_246.jpeg,R_246.jpeg,ready_position
960,image_data/forehand/F_266.jpeg,F_266.jpeg,forehand
1486,image_data/ready_position/R_461.jpeg,R_461.jpeg,ready_position
812,image_data/forehand/F_095.jpeg,F_095.jpeg,forehand
27,image_data/backhand/B_457.jpeg,B_457.jpeg,backhand
1353,image_data/ready_position/R_200.jpeg,R_200.jpeg,ready_position
539,image_data/forehand/F_160.jpeg,F_160.jpeg,forehand
946,image_data/forehand/F_071.jpeg,F_071.jpeg,forehand
1808,image_data/serve/S_431.jpeg,S_431.jpeg,serve
363,image_data/backhand/B_184.jpeg,B_184.jpeg,backhand
1273,image_data/ready_position/R_368.jpeg,R_368.jpeg,ready_position
259,image_data/backhand/B_347.jpeg,B_347.jpeg,backhand
603,image_data/forehand/F_442.jpeg,F_442.jpeg,forehand
886,image_data/forehand/F_142.jpeg,F_142.jpeg,forehand
1627,image_data/serve/S_160.jpeg,S_160.jpeg,serve
1931,image_data/serve/S_138.jpeg,S_138.jpeg,serve
1406,image_data/ready_position/R_051.jpeg,R_051.jpeg,ready_position
1555,image_data/serve/S_287.jpeg,S_287.jpeg,serve
937,image_data/forehand/F_027.jpeg,F_027.jpeg,forehand
60,image_data/backhand/B_210.jpeg,B_210.jpeg,backhand
130,image_data/backhand/B_390.jpeg,B_390.jpeg,backhand
1776,image_data/serve/S_313.jpeg,S_313.jpeg,serve
1475,image_data/ready_position/R_027.jpeg,R_027.jpeg,ready_position
171,image_data/backhand/B_488.jpeg,B_488.jpeg,backhand
84,image_data/backhand/B_047.jpeg,B_047.jpeg,backhand
387,image_data/backhand/B_336.jpeg,B_336.jpeg,backhand
1769,image_data/serve/S_041.jpeg,S_041.jpeg,serve
1225,image_data/ready_position/R_146.jpeg,R_146.jpeg,ready_position
788,image_data/forehand/F_282.jpeg,F_282.jpeg,forehand
1242,image_data/ready_position/R_486.jpeg,R_486.jpeg,ready_position
818,image_data/forehand/F_169.jpeg,F_169.jpeg,forehand
1883,image_data/serve/S_289.jpeg,S_289.jpeg,serve
1090,image_data/ready_position/R_341.jpeg,R_341.jpeg,ready_position
1930,image_data/serve/S_207.jpeg,S_207.jpeg,serve
728,image_data/forehand/F_491.jpeg,F_491.jpeg,forehand
1460,image_data/ready_position/R_292.jpeg,R_292.jpeg,ready_position
994,image_data/forehand/F_285.jpeg,F_285.jpeg,forehand
230,image_data/backhand/B_387.jpeg,B_387.jpeg,backhand
139,image_data/backhand/B_294.jpeg,B_294.jpeg,backhand
541,image_data/forehand/F_072.jpeg,F_072.jpeg,forehand
1971,image_data/serve/S_050.jpeg,S_050.jpeg,serve
62,image_data/backhand/B_211.jpeg,B_211.jpeg,backhand
362,image_data/backhand/B_311.jpeg,B_311.jpeg,backhand
569,image_data/forehand/F_321.jpeg,F_321.jpeg,forehand
1820,image_data/serve/S_308.jpeg,S_308.jpeg,serve
1186,image_data/ready_position/R_327.jpeg,R_327.jpeg,ready_position
1857,image_data/serve/S_257.jpeg,S_257.jpeg,serve
862,image_data/forehand/F_431.jpeg,F_431.jpeg,forehand
866,image_data/forehand/F_036.jpeg,F_036.jpeg,forehand
1036,image_data/ready_position/R_090.jpeg,R_090.jpeg,ready_position
154,image_data/backhand/B_353.jpeg,B_353.jpeg,backhand
786,image_data/forehand/F_056.jpeg,F_056.jpeg,forehand
300,image_data/backhand/B_388.jpeg,B_388.jpeg,backhand
1282,image_data/ready_position/R_094.jpeg,R_094.jpeg,ready_position
977,image_data/forehand/F_179.jpeg,F_179.jpeg,forehand
1973,image_data/serve/S_162.jpeg,S_162.jpeg,serve
677,image_data/forehand/F_384.jpeg,F_384.jpeg,forehand
574,image_data/forehand/F_049.jpeg,F_049.jpeg,forehand
842,image_data/forehand/F_295.jpeg,F_295.jpeg,forehand
1070,image_data/ready_position/R_455.jpeg,R_455.jpeg,ready_position
1952,image_data/serve/S_178.jpeg,S_178.jpeg,serve
1082,image_data/ready_position/R_195.jpeg,R_195.jpeg,ready_position
1592,image_data/serve/S_212.jpeg,S_212.jpeg,serve
1484,image_data/ready_position/R_436.jpeg,R_436.jpeg,ready_position
1688,image_data/serve/S_059.jpeg,S_059.jpeg,serve
1589,image_data/serve/S_204.jpeg,S_204.jpeg,serve
3,image_data/backhand/B_230.jpeg,B_230.jpeg,backhand
98,image_data/backhand/B_358.jpeg,B_358.jpeg,backhand
628,image_data/forehand/F_023.jpeg,F_023.jpeg,forehand
220,image_data/backhand/B_485.jpeg,B_485.jpeg,backhand
1052,image_data/ready_position/R_157.jpeg,R_157.jpeg,ready_position
306,image_data/backhand/B_326.jpeg,B_326.jpeg,backhand
1677,image_data/serve/S_171.jpeg,S_171.jpeg,serve
1874,image_data/serve/S_390.jpeg,S_390.jpeg,serve
1156,image_data/ready_position/R_147.jpeg,R_147.jpeg,ready_position
1571,image_data/serve/S_286.jpeg,S_286.jpeg,serve
190,image_data/backhand/B_309.jpeg,B_309.jpeg,backhand
1378,image_data/ready_position/R_231.jpeg,R_231.jpeg,ready_position
67,image_data/backhand/B_495.jpeg,B_495.jpeg,backhand
404,image_data/backhand/B_300.jpeg,B_300.jpeg,backhand
636,image_data/forehand/F_062.jpeg,F_062.jpeg,forehand
1153,image_data/ready_position/R_444.jpeg,R_444.jpeg,ready_position
1752,image_data/serve/S_351.jpeg,S_351.jpeg,serve
995,image_data/forehand/F_401.jpeg,F_401.jpeg,forehand
597,image_data/forehand/F_268.jpeg,F_268.jpeg,forehand
488,image_data/backhand/B_120.jpeg,B_120.jpeg,backhand
1007,image_data/ready_position/R_065.jpeg,R_065.jpeg,ready_position
1132,image_data/ready_position/R_215.jpeg,R_215.jpeg,ready_position
15,image_data/backhand/B_318.jpeg,B_318.jpeg,backhand
1825,image_data/serve/S_125.jpeg,S_125.jpeg,serve
1762,image_data/serve/S_145.jpeg,S_145.jpeg,serve
829,image_data/forehand/F_201.jpeg,F_201.jpeg,forehand
1470,image_data/ready_position/R_400.jpeg,R_400.jpeg,ready_position
616,image_data/forehand/F_439.jpeg,F_439.jpeg,forehand
792,image_data/forehand/F_144.jpeg,F_144.jpeg,forehand
1689,image_data/serve/S_409.jpeg,S_409.jpeg,serve
1229,image_data/ready_position/R_500.jpeg,R_500.jpeg,ready_position
1628,image_data/serve/S_242.jpeg,S_242.jpeg,serve
1046,image_data/ready_position/R_383.jpeg,R_383.jpeg,ready_position
1214,image_data/ready_position/R_074.jpeg,R_074.jpeg,ready_position
863,image_data/forehand/F_173.jpeg,F_173.jpeg,forehand
1504,image_data/serve/S_423.jpeg,S_423.jpeg,serve
476,image_data/backhand/B_376.jpeg,B_376.jpeg,backhand
1740,image_data/serve/S_469.jpeg,S_469.jpeg,serve
127,image_data/backhand/B_056.jpeg,B_056.jpeg,backhand
1866,image_data/serve/S_447.jpeg,S_447.jpeg,serve
142,image_data/backhand/B_345.jpeg,B_345.jpeg,backhand
210,image_data/backhand/B_352.jpeg,B_352.jpeg,backhand
590,image_data/forehand/F_161.jpeg,F_161.jpeg,forehand
1664,image_data/serve/S_022.jpeg,S_022.jpeg,serve
1048,image_data/ready_position/R_100.jpeg,R_100.jpeg,ready_position
172,image_data/backhand/B_172.jpeg,B_172.jpeg,backhand
1742,image_data/serve/S_486.jpeg,S_486.jpeg,serve
856,image_data/forehand/F_132.jpeg,F_132.jpeg,forehand
1867,image_data/serve/S_017.jpeg,S_017.jpeg,serve
1029,image_data/ready_position/R_301.jpeg,R_301.jpeg,ready_position
383,image_data/backhand/B_434.jpeg,B_434.jpeg,backhand
1231,image_data/ready_position/R_445.jpeg,R_445.jpeg,ready_position
330,image_data/backhand/B_022.jpeg,B_022.jpeg,backhand
274,image_data/backhand/B_054.jpeg,B_054.jpeg,backhand
651,image_data/forehand/F_263.jpeg,F_263.jpeg,forehand
1775,image_data/serve/S_190.jpeg,S_190.jpeg,serve
1340,image_data/ready_position/R_261.jpeg,R_261.jpeg,ready_position
561,image_data/forehand/F_377.jpeg,F_377.jpeg,forehand
1195,image_data/ready_position/R_408.jpeg,R_408.jpeg,ready_position
1678,image_data/serve/S_258.jpeg,S_258.jpeg,serve
1582,image_data/serve/S_195.jpeg,S_195.jpeg,serve
1384,image_data/ready_position/R_270.jpeg,R_270.jpeg,ready_position
417,image_data/backhand/B_087.jpeg,B_087.jpeg,backhand
159,image_data/backhand/B_236.jpeg,B_236.jpeg,backhand
499,image_data/backhand/B_136.jpeg,B_136.jpeg,backhand
1768,image_data/serve/S_295.jpeg,S_295.jpeg,serve
76,image_data/backhand/B_084.jpeg,B_084.jpeg,backhand
1685,image_data/serve/S_274.jpeg,S_274.jpeg,serve
1047,image_data/ready_position/R_229.jpeg,R_229.jpeg,ready_position
1432,image_data/ready_position/R_092.jpeg,R_092.jpeg,ready_position
900,image_data/forehand/F_197.jpeg,F_197.jpeg,forehand
1073,image_data/ready_position/R_156.jpeg,R_156.jpeg,ready_position
198,image_data/backhand/B_348.jpeg,B_348.jpeg,backhand
238,image_data/backhand/B_112.jpeg,B_112.jpeg,backhand
1117,image_data/ready_position/R_208.jpeg,R_208.jpeg,ready_position
1894,image_data/serve/S_088.jpeg,S_088.jpeg,serve
428,image_data/backhand/B_117.jpeg,B_117.jpeg,backhand
813,image_data/forehand/F_304.jpeg,F_304.jpeg,forehand
1441,image_data/ready_position/R_494.jpeg,R_494.jpeg,ready_position
1410,image_data/ready_position/R_006.jpeg,R_006.jpeg,ready_position
1529,image_data/serve/S_301.jpeg,S_301.jpeg,serve
1753,image_data/serve/S_185.jpeg,S_185.jpeg,serve
1344,image_data/ready_position/R_304.jpeg,R_304.jpeg,ready_position
1848,image_data/serve/S_187.jpeg,S_187.jpeg,serve
1377,image_data/ready_position/R_113.jpeg,R_113.jpeg,ready_position
1610,image_data/serve/S_224.jpeg,S_224.jpeg,serve
472,image_data/backhand/B_321.jpeg,B_321.jpeg,backhand
584,image_data/forehand/F_209.jpeg,F_209.jpeg,forehand
1375,image_data/ready_position/R_406.jpeg,R_406.jpeg,ready_position
1568,image_data/serve/S_140.jpeg,S_140.jpeg,serve
126,image_data/backhand/B_282.jpeg,B_282.jpeg,backhand
250,image_data/backhand/B_185.jpeg,B_185.jpeg,backhand
631,image_data/forehand/F_166.jpeg,F_166.jpeg,forehand
1722,image_data/serve/S_054.jpeg,S_054.jpeg,serve
700,image_data/forehand/F_002.jpeg,F_002.jpeg,forehand
1102,image_data/ready_position/R_232.jpeg,R_232.jpeg,ready_position
1189,image_data/ready_position/R_409.jpeg,R_409.jpeg,ready_position
1985,image_data/serve/S_174.jpeg,S_174.jpeg,serve
1086,image_data/ready_position/R_438.jpeg,R_438.jpeg,ready_position
462,image_data/backhand/B_317.jpeg,B_317.jpeg,backhand
1974,image_data/serve/S_498.jpeg,S_498.jpeg,serve
795,image_data/forehand/F_017.jpeg,F_017.jpeg,forehand
540,image_data/forehand/F_422.jpeg,F_422.jpeg,forehand
836,image_data/forehand/F_104.jpeg,F_104.jpeg,forehand
1239,image_data/ready_position/R_039.jpeg,R_039.jpeg,ready_position
1792,image_data/serve/S_260.jpeg,S_260.jpeg,serve
533,image_data/forehand/F_402.jpeg,F_402.jpeg,forehand
710,image_data/forehand/F_413.jpeg,F_413.jpeg,forehand
911,image_data/forehand/F_181.jpeg,F_181.jpeg,forehand
625,image_data/forehand/F_182.jpeg,F_182.jpeg,forehand
1760,image_data/serve/S_391.jpeg,S_391.jpeg,serve
164,image_data/backhand/B_277.jpeg,B_277.jpeg,backhand
1423,image_data/ready_position/R_483.jpeg,R_483.jpeg,ready_position
184,image_data/backhand/B_098.jpeg,B_098.jpeg,backhand
1333,image_data/ready_position/R_109.jpeg,R_109.jpeg,ready_position
1877,image_data/serve/S_113.jpeg,S_113.jpeg,serve
1554,image_data/serve/S_012.jpeg,S_012.jpeg,serve
1061,image_data/ready_position/R_116.jpeg,R_116.jpeg,ready_position
520,image_data/forehand/F_414.jpeg,F_414.jpeg,forehand
1941,image_data/serve/S_494.jpeg,S_494.jpeg,serve
1368,image_data/ready_position/R_152.jpeg,R_152.jpeg,ready_position
1811,image_data/serve/S_427.jpeg,S_427.jpeg,serve
192,image_data/backhand/B_173.jpeg,B_173.jpeg,backhand
1328,image_data/ready_position/R_349.jpeg,R_349.jpeg,ready_position
56,image_data/backhand/B_247.jpeg,B_247.jpeg,backhand
1887,image_data/serve/S_227.jpeg,S_227.jpeg,serve
1517,image_data/serve/S_360.jpeg,S_360.jpeg,serve
965,image_data/forehand/F_118.jpeg,F_118.jpeg,forehand
1119,image_data/ready_position/R_434.jpeg,R_434.jpeg,ready_position
63,image_data/backhand/B_092.jpeg,B_092.jpeg,backhand
36,image_data/backhand/B_416.jpeg,B_416.jpeg,backhand
1644,image_data/serve/S_192.jpeg,S_192.jpeg,serve
514,image_data/forehand/F_195.jpeg,F_195.jpeg,forehand
910,image_data/forehand/F_494.jpeg,F_494.jpeg,forehand
949,image_data/forehand/F_067.jpeg,F_067.jpeg,forehand
1327,image_data/ready_position/R_430.jpeg,R_430.jpeg,ready_position
591,image_data/forehand/F_248.jpeg,F_248.jpeg,forehand
1038,image_data/ready_position/R_340.jpeg,R_340.jpeg,ready_position
692,image_data/forehand/F_392.jpeg,F_392.jpeg,forehand
904,image_data/forehand/F_355.jpeg,F_355.jpeg,forehand
1559,image_data/serve/S_454.jpeg,S_454.jpeg,serve
849,image_data/forehand/F_112.jpeg,F_112.jpeg,forehand
793,image_data/forehand/F_294.jpeg,F_294.jpeg,forehand
293,image_data/backhand/B_062.jpeg,B_062.jpeg,backhand
1140,image_data/ready_position/R_254.jpeg,R_254.jpeg,ready_position
524,image_data/forehand/F_443.jpeg,F_443.jpeg,forehand
1773,image_data/serve/S_368.jpeg,S_368.jpeg,serve
162,image_data/backhand/B_365.jpeg,B_365.jpeg,backhand
1440,image_data/ready_position/R_247.jpeg,R_247.jpeg,ready_position
613,image_data/forehand/F_481.jpeg,F_481.jpeg,forehand
115,image_data/backhand/B_362.jpeg,B_362.jpeg,backhand
229,image_data/backhand/B_153.jpeg,B_153.jpeg,backhand
611,image_data/forehand/F_317.jpeg,F_317.jpeg,forehand
120,image_data/backhand/B_289.jpeg,B_289.jpeg,backhand
740,image_data/forehand/F_223.jpeg,F_223.jpeg,forehand
1138,image_data/ready_position/R_346.jpeg,R_346.jpeg,ready_position
1290,image_data/ready_position/R_237.jpeg,R_237.jpeg,ready_position
905,image_data/forehand/F_210.jpeg,F_210.jpeg,forehand
473,image_data/backhand/B_264.jpeg,B_264.jpeg,backhand
668,image_data/forehand/F_039.jpeg,F_039.jpeg,forehand
1653,image_data/serve/S_444.jpeg,S_444.jpeg,serve
347,image_data/backhand/B_043.jpeg,B_043.jpeg,backhand
1252,image_data/ready_position/R_351.jpeg,R_351.jpeg,ready_position
1567,image_data/serve/S_394.jpeg,S_394.jpeg,serve
1986,image_data/serve/S_461.jpeg,S_461.jpeg,serve
195,image_data/backhand/B_124.jpeg,B_124.jpeg,backhand
398,image_data/backhand/B_320.jpeg,B_320.jpeg,backhand
264,image_data/backhand/B_500.jpeg,B_500.jpeg,backhand
463,image_data/backhand/B_028.jpeg,B_028.jpeg,backhand
1146,image_data/ready_position/R_385.jpeg,R_385.jpeg,ready_position
1122,image_data/ready_position/R_072.jpeg,R_072.jpeg,ready_position
1636,image_data/serve/S_096.jpeg,S_096.jpeg,serve
1330,image_data/ready_position/R_172.jpeg,R_172.jpeg,ready_position
1422,image_data/ready_position/R_381.jpeg,R_381.jpeg,ready_position
607,image_data/forehand/F_100.jpeg,F_100.jpeg,forehand
1123,image_data/ready_position/R_137.jpeg,R_137.jpeg,ready_position
1835,image_data/serve/S_365.jpeg,S_365.jpeg,serve
1899,image_data/serve/S_421.jpeg,S_421.jpeg,serve
1246,image_data/ready_position/R_202.jpeg,R_202.jpeg,ready_position
450,image_data/backhand/B_157.jpeg,B_157.jpeg,backhand
1495,image_data/ready_position/R_322.jpeg,R_322.jpeg,ready_position
1182,image_data/ready_position/R_018.jpeg,R_018.jpeg,ready_position
688,image_data/forehand/F_111.jpeg,F_111.jpeg,forehand
1731,image_data/serve/S_445.jpeg,S_445.jpeg,serve
1613,image_data/serve/S_463.jpeg,S_463.jpeg,serve
1391,image_data/ready_position/R_460.jpeg,R_460.jpeg,ready_position
1358,image_data/ready_position/R_484.jpeg,R_484.jpeg,ready_position
309,image_data/backhand/B_262.jpeg,B_262.jpeg,backhand
1120,image_data/ready_position/R_121.jpeg,R_121.jpeg,ready_position
328,image_data/backhand/B_188.jpeg,B_188.jpeg,backhand
908,image_data/forehand/F_302.jpeg,F_302.jpeg,forehand
388,image_data/backhand/B_273.jpeg,B_273.jpeg,backhand
1446,image_data/ready_position/R_093.jpeg,R_093.jpeg,ready_position
832,image_data/forehand/F_313.jpeg,F_313.jpeg,forehand
1071,image_data/ready_position/R_286.jpeg,R_286.jpeg,ready_position
384,image_data/backhand/B_064.jpeg,B_064.jpeg,backhand
1419,image_data/ready_position/R_047.jpeg,R_047.jpeg,ready_position
1695,image_data/serve/S_408.jpeg,S_408.jpeg,serve
1761,image_data/serve/S_450.jpeg,S_450.jpeg,serve
689,image_data/forehand/F_404.jpeg,F_404.jpeg,forehand
420,image_data/backhand/B_013.jpeg,B_013.jpeg,backhand
1885,image_data/serve/S_335.jpeg,S_335.jpeg,serve
1292,image_data/ready_position/R_260.jpeg,R_260.jpeg,ready_position
113,image_data/backhand/B_335.jpeg,B_335.jpeg,backhand
559,image_data/forehand/F_459.jpeg,F_459.jpeg,forehand
1846,image_data/serve/S_168.jpeg,S_168.jpeg,serve
1743,image_data/serve/S_255.jpeg,S_255.jpeg,serve
272,image_data/backhand/B_238.jpeg,B_238.jpeg,backhand
239,image_data/backhand/B_329.jpeg,B_329.jpeg,backhand
21,image_data/backhand/B_477.jpeg,B_477.jpeg,backhand
418,image_data/backhand/B_290.jpeg,B_290.jpeg,backhand
523,image_data/forehand/F_156.jpeg,F_156.jpeg,forehand
654,image_data/forehand/F_058.jpeg,F_058.jpeg,forehand
501,image_data/forehand/F_183.jpeg,F_183.jpeg,forehand
1009,image_data/ready_position/R_120.jpeg,R_120.jpeg,ready_position
1514,image_data/serve/S_177.jpeg,S_177.jpeg,serve
1089,image_data/ready_position/R_204.jpeg,R_204.jpeg,ready_position
342,image_data/backhand/B_405.jpeg,B_405.jpeg,backhand
311,image_data/backhand/B_235.jpeg,B_235.jpeg,backhand
1631,image_data/serve/S_491.jpeg,S_491.jpeg,serve
440,image_data/backhand/B_268.jpeg,B_268.jpeg,backhand
156,image_data/backhand/B_261.jpeg,B_261.jpeg,backhand
1856,image_data/serve/S_312.jpeg,S_312.jpeg,serve
1898,image_data/serve/S_134.jpeg,S_134.jpeg,serve
674,image_data/forehand/F_107.jpeg,F_107.jpeg,forehand
543,image_data/forehand/F_208.jpeg,F_208.jpeg,forehand
717,image_data/forehand/F_203.jpeg,F_203.jpeg,forehand
105,image_data/backhand/B_460.jpeg,B_460.jpeg,backhand
791,image_data/forehand/F_451.jpeg,F_451.jpeg,forehand
511,image_data/forehand/F_087.jpeg,F_087.jpeg,forehand
429,image_data/backhand/B_052.jpeg,B_052.jpeg,backhand
998,image_data/forehand/F_397.jpeg,F_397.jpeg,forehand
502,image_data/forehand/F_029.jpeg,F_029.jpeg,forehand
321,image_data/backhand/B_433.jpeg,B_433.jpeg,backhand
355,image_data/backhand/B_203.jpeg,B_203.jpeg,backhand
1948,image_data/serve/S_206.jpeg,S_206.jpeg,serve
632,image_data/forehand/F_218.jpeg,F_218.jpeg,forehand
806,image_data/forehand/F_345.jpeg,F_345.jpeg,forehand
173,image_data/backhand/B_037.jpeg,B_037.jpeg,backhand
1720,image_data/serve/S_111.jpeg,S_111.jpeg,serve
513,image_data/forehand/F_341.jpeg,F_341.jpeg,forehand
768,image_data/forehand/F_172.jpeg,F_172.jpeg,forehand
294,image_data/backhand/B_127.jpeg,B_127.jpeg,backhand
193,image_data/backhand/B_036.jpeg,B_036.jpeg,backhand
1697,image_data/serve/S_263.jpeg,S_263.jpeg,serve
1177,image_data/ready_position/R_171.jpeg,R_171.jpeg,ready_position
240,image_data/backhand/B_283.jpeg,B_283.jpeg,backhand
424,image_data/backhand/B_101.jpeg,B_101.jpeg,backhand
906,image_data/forehand/F_139.jpeg,F_139.jpeg,forehand
1565,image_data/serve/S_402.jpeg,S_402.jpeg,serve
1833,image_data/serve/S_109.jpeg,S_109.jpeg,serve
799,image_data/forehand/F_040.jpeg,F_040.jpeg,forehand
715,image_data/forehand/F_192.jpeg,F_192.jpeg,forehand
145,image_data/backhand/B_191.jpeg,B_191.jpeg,backhand
183,image_data/backhand/B_132.jpeg,B_132.jpeg,backhand
942,image_data/forehand/F_476.jpeg,F_476.jpeg,forehand
1134,image_data/ready_position/R_079.jpeg,R_079.jpeg,ready_position
1417,image_data/ready_position/R_339.jpeg,R_339.jpeg,ready_position
751,image_data/forehand/F_130.jpeg,F_130.jpeg,forehand
1847,image_data/serve/S_492.jpeg,S_492.jpeg,serve
680,image_data/forehand/F_445.jpeg,F_445.jpeg,forehand
510,image_data/forehand/F_068.jpeg,F_068.jpeg,forehand
194,image_data/backhand/B_466.jpeg,B_466.jpeg,backhand
40,image_data/backhand/B_011.jpeg,B_011.jpeg,backhand
646,image_data/forehand/F_330.jpeg,F_330.jpeg,forehand
1493,image_data/ready_position/R_334.jpeg,R_334.jpeg,ready_position
1235,image_data/ready_position/R_107.jpeg,R_107.jpeg,ready_position
1271,image_data/ready_position/R_104.jpeg,R_104.jpeg,ready_position
333,image_data/backhand/B_075.jpeg,B_075.jpeg,backhand
31,image_data/backhand/B_050.jpeg,B_050.jpeg,backhand
1416,image_data/ready_position/R_155.jpeg,R_155.jpeg,ready_position
1810,image_data/serve/S_132.jpeg,S_132.jpeg,serve
1641,image_data/serve/S_311.jpeg,S_311.jpeg,serve
883,image_data/forehand/F_284.jpeg,F_284.jpeg,forehand
1526,image_data/serve/S_399.jpeg,S_399.jpeg,serve
395,image_data/backhand/B_398.jpeg,B_398.jpeg,backhand
1320,image_data/ready_position/R_308.jpeg,R_308.jpeg,ready_position
359,image_data/backhand/B_038.jpeg,B_038.jpeg,backhand
1355,image_data/ready_position/R_129.jpeg,R_129.jpeg,ready_position
1204,image_data/ready_position/R_388.jpeg,R_388.jpeg,ready_position
697,image_data/forehand/F_055.jpeg,F_055.jpeg,forehand
847,image_data/forehand/F_407.jpeg,F_407.jpeg,forehand
458,image_data/backhand/B_340.jpeg,B_340.jpeg,backhand
38,image_data/backhand/B_103.jpeg,B_103.jpeg,backhand
349,image_data/backhand/B_151.jpeg,B_151.jpeg,backhand
402,image_data/backhand/B_091.jpeg,B_091.jpeg,backhand
572,image_data/forehand/F_272.jpeg,F_272.jpeg,forehand
1914,image_data/serve/S_440.jpeg,S_440.jpeg,serve
619,image_data/forehand/F_213.jpeg,F_213.jpeg,forehand
1148,image_data/ready_position/R_043.jpeg,R_043.jpeg,ready_position
983,image_data/forehand/F_417.jpeg,F_417.jpeg,forehand
406,image_data/backhand/B_183.jpeg,B_183.jpeg,backhand
59,image_data/backhand/B_355.jpeg,B_355.jpeg,backhand
669,image_data/forehand/F_469.jpeg,F_469.jpeg,forehand
179,image_data/backhand/B_133.jpeg,B_133.jpeg,backhand
1955,image_data/serve/S_380.jpeg,S_380.jpeg,serve
1452,image_data/ready_position/R_482.jpeg,R_482.jpeg,ready_position
1562,image_data/serve/S_403.jpeg,S_403.jpeg,serve
749,image_data/forehand/F_425.jpeg,F_425.jpeg,forehand
477,image_data/backhand/B_233.jpeg,B_233.jpeg,backhand
1849,image_data/serve/S_353.jpeg,S_353.jpeg,serve
708,image_data/forehand/F_106.jpeg,F_106.jpeg,forehand
107,image_data/backhand/B_088.jpeg,B_088.jpeg,backhand
1578,image_data/serve/S_044.jpeg,S_044.jpeg,serve
662,image_data/forehand/F_097.jpeg,F_097.jpeg,forehand
75,image_data/backhand/B_207.jpeg,B_207.jpeg,backhand
1081,image_data/ready_position/R_228.jpeg,R_228.jpeg,ready_position
303,image_data/backhand/B_058.jpeg,B_058.jpeg,backhand
568,image_data/forehand/F_008.jpeg,F_008.jpeg,forehand
489,image_data/backhand/B_032.jpeg,B_032.jpeg,backhand
276,image_data/backhand/B_280.jpeg,B_280.jpeg,backhand
809,image_data/forehand/F_129.jpeg,F_129.jpeg,forehand
1843,image_data/serve/S_373.jpeg,S_373.jpeg,serve
944,image_data/forehand/F_134.jpeg,F_134.jpeg,forehand
1024,image_data/ready_position/R_264.jpeg,R_264.jpeg,ready_position
343,image_data/backhand/B_393.jpeg,B_393.jpeg,backhand
694,image_data/forehand/F_393.jpeg,F_393.jpeg,forehand
223,image_data/backhand/B_201.jpeg,B_201.jpeg,backhand
676,image_data/forehand/F_412.jpeg,F_412.jpeg,forehand
1142,image_data/ready_position/R_038.jpeg,R_038.jpeg,ready_position
160,image_data/backhand/B_373.jpeg,B_373.jpeg,backhand
808,image_data/forehand/F_083.jpeg,F_083.jpeg,forehand
203,image_data/backhand/B_221.jpeg,B_221.jpeg,backhand
1606,image_data/serve/S_009.jpeg,S_009.jpeg,serve
667,image_data/forehand/F_347.jpeg,F_347.jpeg,forehand
769,image_data/forehand/F_488.jpeg,F_488.jpeg,forehand
894,image_data/forehand/F_416.jpeg,F_416.jpeg,forehand
1663,image_data/serve/S_055.jpeg,S_055.jpeg,serve
1607,image_data/serve/S_336.jpeg,S_336.jpeg,serve
1190,image_data/ready_position/R_370.jpeg,R_370.jpeg,ready_position
312,image_data/backhand/B_409.jpeg,B_409.jpeg,backhand
852,image_data/forehand/F_165.jpeg,F_165.jpeg,forehand
1265,image_data/ready_position/R_446.jpeg,R_446.jpeg,ready_position
665,image_data/forehand/F_081.jpeg,F_081.jpeg,forehand
586,image_data/forehand/F_073.jpeg,F_073.jpeg,forehand
1789,image_data/serve/S_240.jpeg,S_240.jpeg,serve
1831,image_data/serve/S_467.jpeg,S_467.jpeg,serve
1133,image_data/ready_position/R_350.jpeg,R_350.jpeg,ready_position
527,image_data/forehand/F_140.jpeg,F_140.jpeg,forehand
1729,image_data/serve/S_500.jpeg,S_500.jpeg,serve
634,image_data/forehand/F_074.jpeg,F_074.jpeg,forehand
990,image_data/forehand/F_293.jpeg,F_293.jpeg,forehand
1015,image_data/ready_position/R_419.jpeg,R_419.jpeg,ready_position
66,image_data/backhand/B_246.jpeg,B_246.jpeg,backhand
1600,image_data/serve/S_377.jpeg,S_377.jpeg,serve
282,image_data/backhand/B_131.jpeg,B_131.jpeg,backhand
1803,image_data/serve/S_466.jpeg,S_466.jpeg,serve
1105,image_data/ready_position/R_459.jpeg,R_459.jpeg,ready_position
1738,image_data/serve/S_384.jpeg,S_384.jpeg,serve
931,image_data/forehand/F_135.jpeg,F_135.jpeg,forehand
491,image_data/backhand/B_462.jpeg,B_462.jpeg,backhand
1501,image_data/serve/S_474.jpeg,S_474.jpeg,serve
1525,image_data/serve/S_376.jpeg,S_376.jpeg,serve
663,image_data/forehand/F_214.jpeg,F_214.jpeg,forehand
365,image_data/backhand/B_242.jpeg,B_242.jpeg,backhand
254,image_data/backhand/B_193.jpeg,B_193.jpeg,backhand
1723,image_data/serve/S_238.jpeg,S_238.jpeg,serve
841,image_data/forehand/F_153.jpeg,F_153.jpeg,forehand
1657,image_data/serve/S_002.jpeg,S_002.jpeg,serve
1601,image_data/serve/S_398.jpeg,S_398.jpeg,serve
1322,image_data/ready_position/R_133.jpeg,R_133.jpeg,ready_position
138,image_data/backhand/B_152.jpeg,B_152.jpeg,backhand
1041,image_data/ready_position/R_086.jpeg,R_086.jpeg,ready_position
1648,image_data/serve/S_043.jpeg,S_043.jpeg,serve
1834,image_data/serve/S_220.jpeg,S_220.jpeg,serve
457,image_data/backhand/B_205.jpeg,B_205.jpeg,backhand
1425,image_data/ready_position/R_196.jpeg,R_196.jpeg,ready_position
49,image_data/backhand/B_178.jpeg,B_178.jpeg,backhand
1135,image_data/ready_position/R_429.jpeg,R_429.jpeg,ready_position
1481,image_data/ready_position/R_123.jpeg,R_123.jpeg,ready_position
1465,image_data/ready_position/R_007.jpeg,R_007.jpeg,ready_position
1812,image_data/serve/S_077.jpeg,S_077.jpeg,serve
1581,image_data/serve/S_228.jpeg,S_228.jpeg,serve
1987,image_data/serve/S_031.jpeg,S_031.jpeg,serve
644,image_data/forehand/F_222.jpeg,F_222.jpeg,forehand
781,image_data/forehand/F_021.jpeg,F_021.jpeg,forehand
1309,image_data/ready_position/R_098.jpeg,R_098.jpeg,ready_position
997,image_data/forehand/F_114.jpeg,F_114.jpeg,forehand
1923,image_data/serve/S_179.jpeg,S_179.jpeg,serve
336,image_data/backhand/B_147.jpeg,B_147.jpeg,backhand
833,image_data/forehand/F_256.jpeg,F_256.jpeg,forehand
1880,image_data/serve/S_118.jpeg,S_118.jpeg,serve
26,image_data/backhand/B_420.jpeg,B_420.jpeg,backhand
1058,image_data/ready_position/R_004.jpeg,R_004.jpeg,ready_position
379,image_data/backhand/B_033.jpeg,B_033.jpeg,backhand
875,image_data/forehand/F_149.jpeg,F_149.jpeg,forehand
1598,image_data/serve/S_245.jpeg,S_245.jpeg,serve
734,image_data/forehand/F_262.jpeg,F_262.jpeg,forehand
1853,image_data/serve/S_200.jpeg,S_200.jpeg,serve
1672,image_data/serve/S_063.jpeg,S_063.jpeg,serve
980,image_data/forehand/F_315.jpeg,F_315.jpeg,forehand
1976,image_data/serve/S_477.jpeg,S_477.jpeg,serve
921,image_data/forehand/F_226.jpeg,F_226.jpeg,forehand
375,image_data/backhand/B_475.jpeg,B_475.jpeg,backhand
1512,image_data/serve/S_198.jpeg,S_198.jpeg,serve
1500,image_data/serve/S_024.jpeg,S_024.jpeg,serve
1230,image_data/ready_position/R_150.jpeg,R_150.jpeg,ready_position
1767,image_data/serve/S_153.jpeg,S_153.jpeg,serve
434,image_data/backhand/B_455.jpeg,B_455.jpeg,backhand
1268,image_data/ready_position/R_295.jpeg,R_295.jpeg,ready_position
23,image_data/backhand/B_359.jpeg,B_359.jpeg,backhand
739,image_data/forehand/F_366.jpeg,F_366.jpeg,forehand
729,image_data/forehand/F_059.jpeg,F_059.jpeg,forehand
1121,image_data/ready_position/R_422.jpeg,R_422.jpeg,ready_position
1710,image_data/serve/S_432.jpeg,S_432.jpeg,serve
1717,image_data/serve/S_473.jpeg,S_473.jpeg,serve
1091,image_data/ready_position/R_091.jpeg,R_091.jpeg,ready_position
1946,image_data/serve/S_093.jpeg,S_093.jpeg,serve
882,image_data/forehand/F_115.jpeg,F_115.jpeg,forehand
916,image_data/forehand/F_322.jpeg,F_322.jpeg,forehand
1646,image_data/serve/S_385.jpeg,S_385.jpeg,serve
305,image_data/backhand/B_234.jpeg,B_234.jpeg,backhand
1395,image_data/ready_position/R_067.jpeg,R_067.jpeg,ready_position
288,image_data/backhand/B_035.jpeg,B_035.jpeg,backhand
760,image_data/forehand/F_261.jpeg,F_261.jpeg,forehand
725,image_data/forehand/F_242.jpeg,F_242.jpeg,forehand
1878,image_data/serve/S_231.jpeg,S_231.jpeg,serve
1666,image_data/serve/S_188.jpeg,S_188.jpeg,serve
435,image_data/backhand/B_005.jpeg,B_005.jpeg,backhand
580,image_data/forehand/F_177.jpeg,F_177.jpeg,forehand
1994,image_data/serve/S_267.jpeg,S_267.jpeg,serve
1115,image_data/ready_position/R_033.jpeg,R_033.jpeg,ready_position
1087,image_data/ready_position/R_068.jpeg,R_068.jpeg,ready_position
263,image_data/backhand/B_150.jpeg,B_150.jpeg,backhand
289,image_data/backhand/B_465.jpeg,B_465.jpeg,backhand
1505,image_data/serve/S_073.jpeg,S_073.jpeg,serve
1911,image_data/serve/S_456.jpeg,S_456.jpeg,serve
85,image_data/backhand/B_102.jpeg,B_102.jpeg,backhand
1429,image_data/ready_position/R_342.jpeg,R_342.jpeg,ready_position
453,image_data/backhand/B_291.jpeg,B_291.jpeg,backhand
1680,image_data/serve/S_223.jpeg,S_223.jpeg,serve
100,image_data/backhand/B_163.jpeg,B_163.jpeg,backhand
151,image_data/backhand/B_304.jpeg,B_304.jpeg,backhand
528,image_data/forehand/F_005.jpeg,F_005.jpeg,forehand
1763,image_data/serve/S_283.jpeg,S_283.jpeg,serve
1981,image_data/serve/S_123.jpeg,S_123.jpeg,serve
1574,image_data/serve/S_443.jpeg,S_443.jpeg,serve
1379,image_data/ready_position/R_374.jpeg,R_374.jpeg,ready_position
1984,image_data/serve/S_436.jpeg,S_436.jpeg,serve
830,image_data/forehand/F_485.jpeg,F_485.jpeg,forehand
1125,image_data/ready_position/R_025.jpeg,R_025.jpeg,ready_position
243,image_data/backhand/B_214.jpeg,B_214.jpeg,backhand
1687,image_data/serve/S_262.jpeg,S_262.jpeg,serve
1478,image_data/ready_position/R_420.jpeg,R_420.jpeg,ready_position
1031,image_data/ready_position/R_478.jpeg,R_478.jpeg,ready_position
1865,image_data/serve/S_294.jpeg,S_294.jpeg,serve
1128,image_data/ready_position/R_242.jpeg,R_242.jpeg,ready_position
374,image_data/backhand/B_137.jpeg,B_137.jpeg,backhand
291,image_data/backhand/B_259.jpeg,B_259.jpeg,backhand
913,image_data/forehand/F_230.jpeg,F_230.jpeg,forehand
1615,image_data/serve/S_033.jpeg,S_033.jpeg,serve
1547,image_data/serve/S_229.jpeg,S_229.jpeg,serve
226,image_data/backhand/B_295.jpeg,B_295.jpeg,backhand
1408,image_data/ready_position/R_397.jpeg,R_397.jpeg,ready_position
186,image_data/backhand/B_427.jpeg,B_427.jpeg,backhand
283,image_data/backhand/B_218.jpeg,B_218.jpeg,backhand
287,image_data/backhand/B_166.jpeg,B_166.jpeg,backhand
42,image_data/backhand/B_154.jpeg,B_154.jpeg,backhand
174,image_data/backhand/B_467.jpeg,B_467.jpeg,backhand
1702,image_data/serve/S_367.jpeg,S_367.jpeg,serve
1244,image_data/ready_position/R_310.jpeg,R_310.jpeg,ready_position
121,image_data/backhand/B_323.jpeg,B_323.jpeg,backhand
1487,image_data/ready_position/R_031.jpeg,R_031.jpeg,ready_position
1021,image_data/ready_position/R_458.jpeg,R_458.jpeg,ready_position
1106,image_data/ready_position/R_009.jpeg,R_009.jpeg,ready_position
1921,image_data/serve/S_102.jpeg,S_102.jpeg,serve
1661,image_data/serve/S_110.jpeg,S_110.jpeg,serve
1732,image_data/serve/S_015.jpeg,S_015.jpeg,serve
1879,image_data/serve/S_374.jpeg,S_374.jpeg,serve
1027,image_data/ready_position/R_233.jpeg,R_233.jpeg,ready_position
310,image_data/backhand/B_370.jpeg,B_370.jpeg,backhand
835,image_data/forehand/F_411.jpeg,F_411.jpeg,forehand
448,image_data/backhand/B_229.jpeg,B_229.jpeg,backhand
959,image_data/forehand/F_159.jpeg,F_159.jpeg,forehand
143,image_data/backhand/B_200.jpeg,B_200.jpeg,backhand
1394,image_data/ready_position/R_088.jpeg,R_088.jpeg,ready_position
1654,image_data/serve/S_014.jpeg,S_014.jpeg,serve
1044,image_data/ready_position/R_194.jpeg,R_194.jpeg,ready_position
1213,image_data/ready_position/R_424.jpeg,R_424.jpeg,ready_position
1062,image_data/ready_position/R_403.jpeg,R_403.jpeg,ready_position
1005,image_data/ready_position/R_073.jpeg,R_073.jpeg,ready_position
1150,image_data/ready_position/R_297.jpeg,R_297.jpeg,ready_position
971,image_data/forehand/F_092.jpeg,F_092.jpeg,forehand
544,image_data/forehand/F_064.jpeg,F_064.jpeg,forehand
1059,image_data/ready_position/R_454.jpeg,R_454.jpeg,ready_position
102,image_data/backhand/B_026.jpeg,B_026.jpeg,backhand
1817,image_data/serve/S_164.jpeg,S_164.jpeg,serve
1451,image_data/ready_position/R_251.jpeg,R_251.jpeg,ready_position
1993,image_data/serve/S_334.jpeg,S_334.jpeg,serve
804,image_data/forehand/F_484.jpeg,F_484.jpeg,forehand
35,image_data/backhand/B_379.jpeg,B_379.jpeg,backhand
656,image_data/forehand/F_185.jpeg,F_185.jpeg,forehand
158,image_data/backhand/B_148.jpeg,B_148.jpeg,backhand
405,image_data/backhand/B_029.jpeg,B_029.jpeg,backhand
1283,image_data/ready_position/R_352.jpeg,R_352.jpeg,ready_position
564,image_data/forehand/F_376.jpeg,F_376.jpeg,forehand
467,image_data/backhand/B_244.jpeg,B_244.jpeg,backhand
624,image_data/forehand/F_478.jpeg,F_478.jpeg,forehand
1262,image_data/ready_position/R_145.jpeg,R_145.jpeg,ready_position
1,image_data/backhand/B_288.jpeg,B_288.jpeg,backhand
1832,image_data/serve/S_037.jpeg,S_037.jpeg,serve
149,image_data/backhand/B_168.jpeg,B_168.jpeg,backhand
1728,image_data/serve/S_280.jpeg,S_280.jpeg,serve
228,image_data/backhand/B_446.jpeg,B_446.jpeg,backhand
650,image_data/forehand/F_326.jpeg,F_326.jpeg,forehand
441,image_data/backhand/B_116.jpeg,B_116.jpeg,backhand
376,image_data/backhand/B_025.jpeg,B_025.jpeg,backhand
235,image_data/backhand/B_391.jpeg,B_391.jpeg,backhand
483,image_data/backhand/B_337.jpeg,B_337.jpeg,backhand
322,image_data/backhand/B_063.jpeg,B_063.jpeg,backhand
1297,image_data/ready_position/R_333.jpeg,R_333.jpeg,ready_position
1819,image_data/serve/S_471.jpeg,S_471.jpeg,serve
1016,image_data/ready_position/R_049.jpeg,R_049.jpeg,ready_position
526,image_data/forehand/F_290.jpeg,F_290.jpeg,forehand
1701,image_data/serve/S_449.jpeg,S_449.jpeg,serve
106,image_data/backhand/B_319.jpeg,B_319.jpeg,backhand
666,image_data/forehand/F_202.jpeg,F_202.jpeg,forehand
352,image_data/backhand/B_297.jpeg,B_297.jpeg,backhand
1542,image_data/serve/S_252.jpeg,S_252.jpeg,serve
256,image_data/backhand/B_039.jpeg,B_039.jpeg,backhand
587,image_data/forehand/F_136.jpeg,F_136.jpeg,forehand
820,image_data/forehand/F_186.jpeg,F_186.jpeg,forehand
1798,image_data/serve/S_221.jpeg,S_221.jpeg,serve
1473,image_data/ready_position/R_498.jpeg,R_498.jpeg,ready_position
474,image_data/backhand/B_008.jpeg,B_008.jpeg,backhand
327,image_data/backhand/B_171.jpeg,B_171.jpeg,backhand
1376,image_data/ready_position/R_056.jpeg,R_056.jpeg,ready_position
1293,image_data/ready_position/R_325.jpeg,R_325.jpeg,ready_position
872,image_data/forehand/F_333.jpeg,F_333.jpeg,forehand
1759,image_data/serve/S_112.jpeg,S_112.jpeg,serve
1351,image_data/ready_position/R_095.jpeg,R_095.jpeg,ready_position
1209,image_data/ready_position/R_062.jpeg,R_062.jpeg,ready_position
267,image_data/backhand/B_384.jpeg,B_384.jpeg,backhand
426,image_data/backhand/B_044.jpeg,B_044.jpeg,backhand
1556,image_data/serve/S_268.jpeg,S_268.jpeg,serve
337,image_data/backhand/B_452.jpeg,B_452.jpeg,backhand
1360,image_data/ready_position/R_386.jpeg,R_386.jpeg,ready_position
438,image_data/backhand/B_004.jpeg,B_004.jpeg,backhand
1707,image_data/serve/S_035.jpeg,S_035.jpeg,serve
394,image_data/backhand/B_232.jpeg,B_232.jpeg,backhand
698,image_data/forehand/F_281.jpeg,F_281.jpeg,forehand
1700,image_data/serve/S_019.jpeg,S_019.jpeg,serve
1714,image_data/serve/S_074.jpeg,S_074.jpeg,serve
354,image_data/backhand/B_080.jpeg,B_080.jpeg,backhand
733,image_data/forehand/F_327.jpeg,F_327.jpeg,forehand
364,image_data/backhand/B_491.jpeg,B_491.jpeg,backhand
868,image_data/forehand/F_364.jpeg,F_364.jpeg,forehand
1804,image_data/serve/S_036.jpeg,S_036.jpeg,serve
930,image_data/forehand/F_436.jpeg,F_436.jpeg,forehand
1922,image_data/serve/S_381.jpeg,S_381.jpeg,serve
353,image_data/backhand/B_278.jpeg,B_278.jpeg,backhand
1258,image_data/ready_position/R_057.jpeg,R_057.jpeg,ready_position
1816,image_data/serve/S_470.jpeg,S_470.jpeg,serve
811,image_data/forehand/F_216.jpeg,F_216.jpeg,forehand
825,image_data/forehand/F_217.jpeg,F_217.jpeg,forehand
1596,image_data/serve/S_029.jpeg,S_029.jpeg,serve
909,image_data/forehand/F_247.jpeg,F_247.jpeg,forehand
1233,image_data/ready_position/R_296.jpeg,R_296.jpeg,ready_position
1926,image_data/serve/S_315.jpeg,S_315.jpeg,serve
626,image_data/forehand/F_028.jpeg,F_028.jpeg,forehand
1234,image_data/ready_position/R_279.jpeg,R_279.jpeg,ready_position
1250,image_data/ready_position/R_097.jpeg,R_097.jpeg,ready_position
168,image_data/backhand/B_125.jpeg,B_125.jpeg,backhand
10,image_data/backhand/B_158.jpeg,B_158.jpeg,backhand
777,image_data/forehand/F_133.jpeg,F_133.jpeg,forehand
1864,image_data/serve/S_105.jpeg,S_105.jpeg,serve
1362,image_data/ready_position/R_040.jpeg,R_040.jpeg,ready_position
1558,image_data/serve/S_004.jpeg,S_004.jpeg,serve
495,image_data/backhand/B_024.jpeg,B_024.jpeg,backhand
986,image_data/forehand/F_440.jpeg,F_440.jpeg,forehand
1635,image_data/serve/S_429.jpeg,S_429.jpeg,serve
1482,image_data/ready_position/R_089.jpeg,R_089.jpeg,ready_position
1790,image_data/serve/S_237.jpeg,S_237.jpeg,serve
976,image_data/forehand/F_207.jpeg,F_207.jpeg,forehand
707,image_data/forehand/F_385.jpeg,F_385.jpeg,forehand
1402,image_data/ready_position/R_163.jpeg,R_163.jpeg,ready_position
1216,image_data/ready_position/R_023.jpeg,R_023.jpeg,ready_position
1173,image_data/ready_position/R_433.jpeg,R_433.jpeg,ready_position
323,image_data/backhand/B_126.jpeg,B_126.jpeg,backhand
1538,image_data/serve/S_340.jpeg,S_340.jpeg,serve
1300,image_data/ready_position/R_108.jpeg,R_108.jpeg,ready_position
941,image_data/forehand/F_026.jpeg,F_026.jpeg,forehand
658,image_data/forehand/F_243.jpeg,F_243.jpeg,forehand
1735,image_data/serve/S_107.jpeg,S_107.jpeg,serve
1651,image_data/serve/S_278.jpeg,S_278.jpeg,serve
1499,image_data/ready_position/R_375.jpeg,R_375.jpeg,ready_position
340,image_data/backhand/B_110.jpeg,B_110.jpeg,backhand
1311,image_data/ready_position/R_427.jpeg,R_427.jpeg,ready_position
1772,image_data/serve/S_387.jpeg,S_387.jpeg,serve
1055,image_data/ready_position/R_287.jpeg,R_287.jpeg,ready_position
1443,image_data/ready_position/R_355.jpeg,R_355.jpeg,ready_position
1640,image_data/serve/S_254.jpeg,S_254.jpeg,serve
1167,image_data/ready_position/R_167.jpeg,R_167.jpeg,ready_position
996,image_data/forehand/F_051.jpeg,F_051.jpeg,forehand
48,image_data/backhand/B_482.jpeg,B_482.jpeg,backhand
902,image_data/forehand/F_206.jpeg,F_206.jpeg,forehand
1468,image_data/ready_position/R_396.jpeg,R_396.jpeg,ready_position
1162,image_data/ready_position/R_405.jpeg,R_405.jpeg,ready_position
712,image_data/forehand/F_311.jpeg,F_311.jpeg,forehand
779,image_data/forehand/F_076.jpeg,F_076.jpeg,forehand
1939,image_data/serve/S_302.jpeg,S_302.jpeg,serve
595,image_data/forehand/F_053.jpeg,F_053.jpeg,forehand
484,image_data/backhand/B_272.jpeg,B_272.jpeg,backhand
316,image_data/backhand/B_223.jpeg,B_223.jpeg,backhand
258,image_data/backhand/B_202.jpeg,B_202.jpeg,backhand
1347,image_data/ready_position/R_168.jpeg,R_168.jpeg,ready_position
344,image_data/backhand/B_239.jpeg,B_239.jpeg,backhand
325,image_data/backhand/B_034.jpeg,B_034.jpeg,backhand
1256,image_data/ready_position/R_306.jpeg,R_306.jpeg,ready_position
893,image_data/forehand/F_046.jpeg,F_046.jpeg,forehand
1459,image_data/ready_position/R_338.jpeg,R_338.jpeg,ready_position
1660,image_data/serve/S_393.jpeg,S_393.jpeg,serve
324,image_data/backhand/B_258.jpeg,B_258.jpeg,backhand
202,image_data/backhand/B_108.jpeg,B_108.jpeg,backhand
620,image_data/forehand/F_356.jpeg,F_356.jpeg,forehand
70,image_data/backhand/B_250.jpeg,B_250.jpeg,backhand
1114,image_data/ready_position/R_463.jpeg,R_463.jpeg,ready_position
80,image_data/backhand/B_440.jpeg,B_440.jpeg,backhand
422,image_data/backhand/B_228.jpeg,B_228.jpeg,backhand
1220,image_data/ready_position/R_111.jpeg,R_111.jpeg,ready_position
1647,image_data/serve/S_106.jpeg,S_106.jpeg,serve
601,image_data/forehand/F_291.jpeg,F_291.jpeg,forehand
1345,image_data/ready_position/R_241.jpeg,R_241.jpeg,ready_position
181,image_data/backhand/B_076.jpeg,B_076.jpeg,backhand
1286,image_data/ready_position/R_169.jpeg,R_169.jpeg,ready_position
215,image_data/backhand/B_493.jpeg,B_493.jpeg,backhand
1995,image_data/serve/S_322.jpeg,S_322.jpeg,serve
1477,image_data/ready_position/R_135.jpeg,R_135.jpeg,ready_position
1959,image_data/serve/S_338.jpeg,S_338.jpeg,serve
32,image_data/backhand/B_400.jpeg,B_400.jpeg,backhand
1003,image_data/ready_position/R_248.jpeg,R_248.jpeg,ready_position
615,image_data/forehand/F_340.jpeg,F_340.jpeg,forehand
1306,image_data/ready_position/R_124.jpeg,R_124.jpeg,ready_position
824,image_data/forehand/F_352.jpeg,F_352.jpeg,forehand
1957,image_data/serve/S_416.jpeg,S_416.jpeg,serve
1442,image_data/ready_position/R_181.jpeg,R_181.jpeg,ready_position
529,image_data/forehand/F_455.jpeg,F_455.jpeg,forehand
763,image_data/forehand/F_298.jpeg,F_298.jpeg,forehand
1696,image_data/serve/S_326.jpeg,S_326.jpeg,serve
558,image_data/forehand/F_265.jpeg,F_265.jpeg,forehand
1873,image_data/serve/S_144.jpeg,S_144.jpeg,serve
1694,image_data/serve/S_058.jpeg,S_058.jpeg,serve
1975,image_data/serve/S_027.jpeg,S_027.jpeg,serve
1313,image_data/ready_position/R_309.jpeg,R_309.jpeg,ready_position
1917,image_data/serve/S_339.jpeg,S_339.jpeg,serve
1437,image_data/ready_position/R_303.jpeg,R_303.jpeg,ready_position
1937,image_data/serve/S_303.jpeg,S_303.jpeg,serve
1221,image_data/ready_position/R_404.jpeg,R_404.jpeg,ready_position
1294,image_data/ready_position/R_149.jpeg,R_149.jpeg,ready_position
1888,image_data/serve/S_362.jpeg,S_362.jpeg,serve
589,image_data/forehand/F_474.jpeg,F_474.jpeg,forehand
1650,image_data/serve/S_297.jpeg,S_297.jpeg,serve
268,image_data/backhand/B_107.jpeg,B_107.jpeg,backhand
1025,image_data/ready_position/R_376.jpeg,R_376.jpeg,ready_position
1415,image_data/ready_position/R_010.jpeg,R_010.jpeg,ready_position
1017,image_data/ready_position/R_360.jpeg,R_360.jpeg,ready_position
661,image_data/forehand/F_428.jpeg,F_428.jpeg,forehand
1967,image_data/serve/S_142.jpeg,S_142.jpeg,serve
416,image_data/backhand/B_438.jpeg,B_438.jpeg,backhand
807,image_data/forehand/F_200.jpeg,F_200.jpeg,forehand
6,image_data/backhand/B_226.jpeg,B_226.jpeg,backhand
1788,image_data/serve/S_305.jpeg,S_305.jpeg,serve
748,image_data/forehand/F_126.jpeg,F_126.jpeg,forehand
1909,image_data/serve/S_378.jpeg,S_378.jpeg,serve
1855,image_data/serve/S_129.jpeg,S_129.jpeg,serve
1116,image_data/ready_position/R_176.jpeg,R_176.jpeg,ready_position
638,image_data/forehand/F_127.jpeg,F_127.jpeg,forehand
134,image_data/backhand/B_386.jpeg,B_386.jpeg,backhand
475,image_data/backhand/B_458.jpeg,B_458.jpeg,backhand
1585,image_data/serve/S_316.jpeg,S_316.jpeg,serve
1264,image_data/ready_position/R_329.jpeg,R_329.jpeg,ready_position
1872,image_data/serve/S_451.jpeg,S_451.jpeg,serve
515,image_data/forehand/F_480.jpeg,F_480.jpeg,forehand
1000,image_data/ready_position/R_024.jpeg,R_024.jpeg,ready_position
1101,image_data/ready_position/R_398.jpeg,R_398.jpeg,ready_position
1590,image_data/serve/S_341.jpeg,S_341.jpeg,serve
1393,image_data/ready_position/R_122.jpeg,R_122.jpeg,ready_position
1272,image_data/ready_position/R_387.jpeg,R_387.jpeg,ready_position
567,image_data/forehand/F_458.jpeg,F_458.jpeg,forehand
500,image_data/forehand/F_479.jpeg,F_479.jpeg,forehand
635,image_data/forehand/F_131.jpeg,F_131.jpeg,forehand
1780,image_data/serve/S_344.jpeg,S_344.jpeg,serve
1249,image_data/ready_position/R_428.jpeg,R_428.jpeg,ready_position
1187,image_data/ready_position/R_262.jpeg,R_262.jpeg,ready_position
1201,image_data/ready_position/R_449.jpeg,R_449.jpeg,ready_position
1785,image_data/serve/S_169.jpeg,S_169.jpeg,serve
1159,image_data/ready_position/R_239.jpeg,R_239.jpeg,ready_position
206,image_data/backhand/B_372.jpeg,B_372.jpeg,backhand
1531,image_data/serve/S_182.jpeg,S_182.jpeg,serve
823,image_data/forehand/F_094.jpeg,F_094.jpeg,forehand
1844,image_data/serve/S_304.jpeg,S_304.jpeg,serve
951,image_data/forehand/F_319.jpeg,F_319.jpeg,forehand
962,image_data/forehand/F_289.jpeg,F_289.jpeg,forehand
218,image_data/backhand/B_313.jpeg,B_313.jpeg,backhand
372,image_data/backhand/B_072.jpeg,B_072.jpeg,backhand
687,image_data/forehand/F_280.jpeg,F_280.jpeg,forehand
766,image_data/forehand/F_220.jpeg,F_220.jpeg,forehand
547,image_data/forehand/F_463.jpeg,F_463.jpeg,forehand
985,image_data/forehand/F_381.jpeg,F_381.jpeg,forehand
317,image_data/backhand/B_331.jpeg,B_331.jpeg,backhand
1067,image_data/ready_position/R_394.jpeg,R_394.jpeg,ready_position
1325,image_data/ready_position/R_125.jpeg,R_125.jpeg,ready_position
690,image_data/forehand/F_054.jpeg,F_054.jpeg,forehand
74,image_data/backhand/B_342.jpeg,B_342.jpeg,backhand
419,image_data/backhand/B_156.jpeg,B_156.jpeg,backhand
578,image_data/forehand/F_198.jpeg,F_198.jpeg,forehand
1583,image_data/serve/S_480.jpeg,S_480.jpeg,serve
1078,image_data/ready_position/R_044.jpeg,R_044.jpeg,ready_position
1285,image_data/ready_position/R_493.jpeg,R_493.jpeg,ready_position
782,image_data/forehand/F_471.jpeg,F_471.jpeg,forehand
1060,image_data/ready_position/R_395.jpeg,R_395.jpeg,ready_position
1053,image_data/ready_position/R_442.jpeg,R_442.jpeg,ready_position
279,image_data/backhand/B_003.jpeg,B_003.jpeg,backhand
1178,image_data/ready_position/R_258.jpeg,R_258.jpeg,ready_position
1018,image_data/ready_position/R_225.jpeg,R_225.jpeg,ready_position
1674,image_data/serve/S_126.jpeg,S_126.jpeg,serve
1535,image_data/serve/S_356.jpeg,S_356.jpeg,serve
1324,image_data/ready_position/R_076.jpeg,R_076.jpeg,ready_position
1291,image_data/ready_position/R_372.jpeg,R_372.jpeg,ready_position
1755,image_data/serve/S_243.jpeg,S_243.jpeg,serve
639,image_data/forehand/F_259.jpeg,F_259.jpeg,forehand
1520,image_data/serve/S_272.jpeg,S_272.jpeg,serve
361,image_data/backhand/B_254.jpeg,B_254.jpeg,backhand
1989,image_data/serve/S_226.jpeg,S_226.jpeg,serve
1626,image_data/serve/S_475.jpeg,S_475.jpeg,serve
1570,image_data/serve/S_455.jpeg,S_455.jpeg,serve
1900,image_data/serve/S_071.jpeg,S_071.jpeg,serve
1551,image_data/serve/S_291.jpeg,S_291.jpeg,serve
1910,image_data/serve/S_006.jpeg,S_006.jpeg,serve
1236,image_data/ready_position/R_042.jpeg,R_042.jpeg,ready_position
211,image_data/backhand/B_217.jpeg,B_217.jpeg,backhand
442,image_data/backhand/B_053.jpeg,B_053.jpeg,backhand
1882,image_data/serve/S_323.jpeg,S_323.jpeg,serve
1104,image_data/ready_position/R_265.jpeg,R_265.jpeg,ready_position
953,image_data/forehand/F_460.jpeg,F_460.jpeg,forehand
1491,image_data/ready_position/R_158.jpeg,R_158.jpeg,ready_position
209,image_data/backhand/B_325.jpeg,B_325.jpeg,backhand
169,image_data/backhand/B_430.jpeg,B_430.jpeg,backhand
899,image_data/forehand/F_482.jpeg,F_482.jpeg,forehand
892,image_data/forehand/F_380.jpeg,F_380.jpeg,forehand
1715,image_data/serve/S_131.jpeg,S_131.jpeg,serve
1618,image_data/serve/S_064.jpeg,S_064.jpeg,serve
1609,image_data/serve/S_361.jpeg,S_361.jpeg,serve
369,image_data/backhand/B_096.jpeg,B_096.jpeg,backhand
1586,image_data/serve/S_438.jpeg,S_438.jpeg,serve
1407,image_data/ready_position/R_114.jpeg,R_114.jpeg,ready_position
1456,image_data/ready_position/R_046.jpeg,R_046.jpeg,ready_position
1461,image_data/ready_position/R_441.jpeg,R_441.jpeg,ready_position
1534,image_data/serve/S_213.jpeg,S_213.jpeg,serve
901,image_data/forehand/F_343.jpeg,F_343.jpeg,forehand
518,image_data/forehand/F_101.jpeg,F_101.jpeg,forehand
237,image_data/backhand/B_407.jpeg,B_407.jpeg,backhand
1741,image_data/serve/S_193.jpeg,S_193.jpeg,serve
90,image_data/backhand/B_114.jpeg,B_114.jpeg,backhand
201,image_data/backhand/B_299.jpeg,B_299.jpeg,backhand
1711,image_data/serve/S_127.jpeg,S_127.jpeg,serve
670,image_data/forehand/F_193.jpeg,F_193.jpeg,forehand
854,image_data/forehand/F_470.jpeg,F_470.jpeg,forehand
714,image_data/forehand/F_468.jpeg,F_468.jpeg,forehand
1712,image_data/serve/S_218.jpeg,S_218.jpeg,serve
730,image_data/forehand/F_409.jpeg,F_409.jpeg,forehand
399,image_data/backhand/B_265.jpeg,B_265.jpeg,backhand
1098,image_data/ready_position/R_245.jpeg,R_245.jpeg,ready_position
538,image_data/forehand/F_475.jpeg,F_475.jpeg,forehand
1010,image_data/ready_position/R_209.jpeg,R_209.jpeg,ready_position
1424,image_data/ready_position/R_179.jpeg,R_179.jpeg,ready_position
699,image_data/forehand/F_147.jpeg,F_147.jpeg,forehand
1063,image_data/ready_position/R_053.jpeg,R_053.jpeg,ready_position
1240,image_data/ready_position/R_193.jpeg,R_193.jpeg,ready_position
507,image_data/forehand/F_212.jpeg,F_212.jpeg,forehand
1400,image_data/ready_position/R_071.jpeg,R_071.jpeg,ready_position
860,image_data/forehand/F_124.jpeg,F_124.jpeg,forehand
1464,image_data/ready_position/R_284.jpeg,R_284.jpeg,ready_position
1373,image_data/ready_position/R_144.jpeg,R_144.jpeg,ready_position
1164,image_data/ready_position/R_022.jpeg,R_022.jpeg,ready_position
430,image_data/backhand/B_402.jpeg,B_402.jpeg,backhand
1359,image_data/ready_position/R_191.jpeg,R_191.jpeg,ready_position
1366,image_data/ready_position/R_447.jpeg,R_447.jpeg,ready_position
664,image_data/forehand/F_351.jpeg,F_351.jpeg,forehand
554,image_data/forehand/F_048.jpeg,F_048.jpeg,forehand
1548,image_data/serve/S_100.jpeg,S_100.jpeg,serve
86,image_data/backhand/B_397.jpeg,B_397.jpeg,backhand
1545,image_data/serve/S_481.jpeg,S_481.jpeg,serve
498,image_data/backhand/B_423.jpeg,B_423.jpeg,backhand
1509,image_data/serve/S_120.jpeg,S_120.jpeg,serve
1968,image_data/serve/S_396.jpeg,S_396.jpeg,serve
1736,image_data/serve/S_042.jpeg,S_042.jpeg,serve
1605,image_data/serve/S_459.jpeg,S_459.jpeg,serve
972,image_data/forehand/F_354.jpeg,F_354.jpeg,forehand
1990,image_data/serve/S_363.jpeg,S_363.jpeg,serve
1511,image_data/serve/S_462.jpeg,S_462.jpeg,serve
1958,image_data/serve/S_103.jpeg,S_103.jpeg,serve
719,image_data/forehand/F_080.jpeg,F_080.jpeg,forehand
885,image_data/forehand/F_457.jpeg,F_457.jpeg,forehand
1746,image_data/serve/S_202.jpeg,S_202.jpeg,serve
562,image_data/forehand/F_398.jpeg,F_398.jpeg,forehand
1779,image_data/serve/S_128.jpeg,S_128.jpeg,serve
1367,image_data/ready_position/R_017.jpeg,R_017.jpeg,ready_position
1705,image_data/serve/S_259.jpeg,S_259.jpeg,serve
535,image_data/forehand/F_394.jpeg,F_394.jpeg,forehand
180,image_data/backhand/B_099.jpeg,B_099.jpeg,backhand
1326,image_data/ready_position/R_060.jpeg,R_060.jpeg,ready_position
1401,image_data/ready_position/R_499.jpeg,R_499.jpeg,ready_position
1965,image_data/serve/S_007.jpeg,S_007.jpeg,serve
1455,image_data/ready_position/R_380.jpeg,R_380.jpeg,ready_position
1726,image_data/serve/S_003.jpeg,S_003.jpeg,serve
1912,image_data/serve/S_143.jpeg,S_143.jpeg,serve
803,image_data/forehand/F_257.jpeg,F_257.jpeg,forehand
695,image_data/forehand/F_110.jpeg,F_110.jpeg,forehand
784,image_data/forehand/F_390.jpeg,F_390.jpeg,forehand
622,image_data/forehand/F_244.jpeg,F_244.jpeg,forehand
810,image_data/forehand/F_353.jpeg,F_353.jpeg,forehand
1799,image_data/serve/S_364.jpeg,S_364.jpeg,serve
532,image_data/forehand/F_117.jpeg,F_117.jpeg,forehand
205,image_data/backhand/B_237.jpeg,B_237.jpeg,backhand
1652,image_data/serve/S_151.jpeg,S_151.jpeg,serve
1961,image_data/serve/S_441.jpeg,S_441.jpeg,serve
1943,image_data/serve/S_355.jpeg,S_355.jpeg,serve
881,image_data/forehand/F_050.jpeg,F_050.jpeg,forehand
570,image_data/forehand/F_264.jpeg,F_264.jpeg,forehand
478,image_data/backhand/B_399.jpeg,B_399.jpeg,backhand
1218,image_data/ready_position/R_473.jpeg,R_473.jpeg,ready_position
1404,image_data/ready_position/R_476.jpeg,R_476.jpeg,ready_position
1827,image_data/serve/S_430.jpeg,S_430.jpeg,serve
506,image_data/forehand/F_091.jpeg,F_091.jpeg,forehand
1261,image_data/ready_position/R_450.jpeg,R_450.jpeg,ready_position
907,image_data/forehand/F_093.jpeg,F_093.jpeg,forehand
1145,image_data/ready_position/R_487.jpeg,R_487.jpeg,ready_position
1383,image_data/ready_position/R_289.jpeg,R_289.jpeg,ready_position
534,image_data/forehand/F_052.jpeg,F_052.jpeg,forehand
1275,image_data/ready_position/R_190.jpeg,R_190.jpeg,ready_position
1756,image_data/serve/S_306.jpeg,S_306.jpeg,serve
1253,image_data/ready_position/R_185.jpeg,R_185.jpeg,ready_position
281,image_data/backhand/B_424.jpeg,B_424.jpeg,backhand
815,image_data/forehand/F_168.jpeg,F_168.jpeg,forehand
1045,image_data/ready_position/R_481.jpeg,R_481.jpeg,ready_position
1155,image_data/ready_position/R_281.jpeg,R_281.jpeg,ready_position
44,image_data/backhand/B_338.jpeg,B_338.jpeg,backhand
706,image_data/forehand/F_014.jpeg,F_014.jpeg,forehand
614,image_data/forehand/F_205.jpeg,F_205.jpeg,forehand
1902,image_data/serve/S_499.jpeg,S_499.jpeg,serve
278,image_data/backhand/B_453.jpeg,B_453.jpeg,backhand
705,image_data/forehand/F_444.jpeg,F_444.jpeg,forehand
736,image_data/forehand/F_448.jpeg,F_448.jpeg,forehand
923,image_data/forehand/F_174.jpeg,F_174.jpeg,forehand
320,image_data/backhand/B_018.jpeg,B_018.jpeg,backhand
1310,image_data/ready_position/R_132.jpeg,R_132.jpeg,ready_position
217,image_data/backhand/B_186.jpeg,B_186.jpeg,backhand
857,image_data/forehand/F_427.jpeg,F_427.jpeg,forehand
219,image_data/backhand/B_256.jpeg,B_256.jpeg,backhand
566,image_data/forehand/F_233.jpeg,F_233.jpeg,forehand
814,image_data/forehand/F_241.jpeg,F_241.jpeg,forehand
1597,image_data/serve/S_496.jpeg,S_496.jpeg,serve
1906,image_data/serve/S_051.jpeg,S_051.jpeg,serve
61,image_data/backhand/B_354.jpeg,B_354.jpeg,backhand
494,image_data/backhand/B_474.jpeg,B_474.jpeg,backhand
1001,image_data/ready_position/R_474.jpeg,R_474.jpeg,ready_position
1977,image_data/serve/S_135.jpeg,S_135.jpeg,serve
641,image_data/forehand/F_035.jpeg,F_035.jpeg,forehand
969,image_data/forehand/F_246.jpeg,F_246.jpeg,forehand
1405,image_data/ready_position/R_401.jpeg,R_401.jpeg,ready_position
672,image_data/forehand/F_255.jpeg,F_255.jpeg,forehand
152,image_data/backhand/B_241.jpeg,B_241.jpeg,backhand
525,image_data/forehand/F_013.jpeg,F_013.jpeg,forehand
648,image_data/forehand/F_019.jpeg,F_019.jpeg,forehand
1237,image_data/ready_position/R_412.jpeg,R_412.jpeg,ready_position
189,image_data/backhand/B_020.jpeg,B_020.jpeg,backhand
1151,image_data/ready_position/R_278.jpeg,R_278.jpeg,ready_position
1172,image_data/ready_position/R_063.jpeg,R_063.jpeg,ready_position
18,image_data/backhand/B_461.jpeg,B_461.jpeg,backhand
588,image_data/forehand/F_024.jpeg,F_024.jpeg,forehand
761,image_data/forehand/F_324.jpeg,F_324.jpeg,forehand
284,image_data/backhand/B_189.jpeg,B_189.jpeg,backhand
876,image_data/forehand/F_237.jpeg,F_237.jpeg,forehand
231,image_data/backhand/B_368.jpeg,B_368.jpeg,backhand
290,image_data/backhand/B_170.jpeg,B_170.jpeg,backhand
1103,image_data/ready_position/R_320.jpeg,R_320.jpeg,ready_position
1850,image_data/serve/S_216.jpeg,S_216.jpeg,serve
732,image_data/forehand/F_235.jpeg,F_235.jpeg,forehand
553,image_data/forehand/F_418.jpeg,F_418.jpeg,forehand
1226,image_data/ready_position/R_003.jpeg,R_003.jpeg,ready_position
1800,image_data/serve/S_108.jpeg,S_108.jpeg,serve
1314,image_data/ready_position/R_165.jpeg,R_165.jpeg,ready_position
97,image_data/backhand/B_421.jpeg,B_421.jpeg,backhand
480,image_data/backhand/B_225.jpeg,B_225.jpeg,backhand
153,image_data/backhand/B_095.jpeg,B_095.jpeg,backhand
65,image_data/backhand/B_303.jpeg,B_303.jpeg,backhand
119,image_data/backhand/B_266.jpeg,B_266.jpeg,backhand
232,image_data/backhand/B_411.jpeg,B_411.jpeg,backhand
845,image_data/forehand/F_283.jpeg,F_283.jpeg,forehand
521,image_data/forehand/F_382.jpeg,F_382.jpeg,forehand
1655,image_data/serve/S_281.jpeg,S_281.jpeg,serve
1938,image_data/serve/S_246.jpeg,S_246.jpeg,serve
1869,image_data/serve/S_282.jpeg,S_282.jpeg,serve
1953,image_data/serve/S_482.jpeg,S_482.jpeg,serve
389,image_data/backhand/B_048.jpeg,B_048.jpeg,backhand
831,image_data/forehand/F_190.jpeg,F_190.jpeg,forehand
678,image_data/forehand/F_500.jpeg,F_500.jpeg,forehand
1821,image_data/serve/S_099.jpeg,S_099.jpeg,serve
970,image_data/forehand/F_138.jpeg,F_138.jpeg,forehand
1110,image_data/ready_position/R_224.jpeg,R_224.jpeg,ready_position
623,image_data/forehand/F_301.jpeg,F_301.jpeg,forehand
431,image_data/backhand/B_286.jpeg,B_286.jpeg,backhand
1962,image_data/serve/S_011.jpeg,S_011.jpeg,serve
221,image_data/backhand/B_190.jpeg,B_190.jpeg,backhand
1057,image_data/ready_position/R_141.jpeg,R_141.jpeg,ready_position
1744,image_data/serve/S_310.jpeg,S_310.jpeg,serve
968,image_data/forehand/F_303.jpeg,F_303.jpeg,forehand
522,image_data/forehand/F_228.jpeg,F_228.jpeg,forehand
68,image_data/backhand/B_180.jpeg,B_180.jpeg,backhand
1876,image_data/serve/S_056.jpeg,S_056.jpeg,serve
891,image_data/forehand/F_154.jpeg,F_154.jpeg,forehand
1506,image_data/serve/S_136.jpeg,S_136.jpeg,serve
1730,image_data/serve/S_150.jpeg,S_150.jpeg,serve
774,image_data/forehand/F_430.jpeg,F_430.jpeg,forehand
1276,image_data/ready_position/R_313.jpeg,R_313.jpeg,ready_position
575,image_data/forehand/F_360.jpeg,F_360.jpeg,forehand
1822,image_data/serve/S_133.jpeg,S_133.jpeg,serve
693,image_data/forehand/F_239.jpeg,F_239.jpeg,forehand
517,image_data/forehand/F_316.jpeg,F_316.jpeg,forehand
212,image_data/backhand/B_094.jpeg,B_094.jpeg,backhand
455,image_data/backhand/B_439.jpeg,B_439.jpeg,backhand
1536,image_data/serve/S_090.jpeg,S_090.jpeg,serve
929,image_data/forehand/F_066.jpeg,F_066.jpeg,forehand
8,image_data/backhand/B_271.jpeg,B_271.jpeg,backhand
1371,image_data/ready_position/R_001.jpeg,R_001.jpeg,ready_position
928,image_data/forehand/F_089.jpeg,F_089.jpeg,forehand
341,image_data/backhand/B_055.jpeg,B_055.jpeg,backhand
1841,image_data/serve/S_324.jpeg,S_324.jpeg,serve
292,image_data/backhand/B_432.jpeg,B_432.jpeg,backhand
1033,image_data/ready_position/R_497.jpeg,R_497.jpeg,ready_position
1875,image_data/serve/S_406.jpeg,S_406.jpeg,serve
759,image_data/forehand/F_148.jpeg,F_148.jpeg,forehand
1111,image_data/ready_position/R_418.jpeg,R_418.jpeg,ready_position
1915,image_data/serve/S_010.jpeg,S_010.jpeg,serve
1065,image_data/ready_position/R_402.jpeg,R_402.jpeg,ready_position
1682,image_data/serve/S_018.jpeg,S_018.jpeg,serve
922,image_data/forehand/F_363.jpeg,F_363.jpeg,forehand
1154,image_data/ready_position/R_014.jpeg,R_014.jpeg,ready_position
1421,image_data/ready_position/R_102.jpeg,R_102.jpeg,ready_position
1334,image_data/ready_position/R_220.jpeg,R_220.jpeg,ready_position
297,image_data/backhand/B_330.jpeg,B_330.jpeg,backhand
367,image_data/backhand/B_429.jpeg,B_429.jpeg,backhand
1369,image_data/ready_position/R_282.jpeg,R_282.jpeg,ready_position
377,image_data/backhand/B_160.jpeg,B_160.jpeg,backhand
773,image_data/forehand/F_060.jpeg,F_060.jpeg,forehand
1483,image_data/ready_position/R_066.jpeg,R_066.jpeg,ready_position
783,image_data/forehand/F_308.jpeg,F_308.jpeg,forehand
1828,image_data/serve/S_349.jpeg,S_349.jpeg,serve
396,image_data/backhand/B_009.jpeg,B_009.jpeg,backhand
1193,image_data/ready_position/R_234.jpeg,R_234.jpeg,ready_position
549,image_data/forehand/F_033.jpeg,F_033.jpeg,forehand
466,image_data/backhand/B_497.jpeg,B_497.jpeg,backhand
512,image_data/forehand/F_204.jpeg,F_204.jpeg,forehand
585,image_data/forehand/F_423.jpeg,F_423.jpeg,forehand
432,image_data/backhand/B_269.jpeg,B_269.jpeg,backhand
1301,image_data/ready_position/R_489.jpeg,R_489.jpeg,ready_position
357,image_data/backhand/B_192.jpeg,B_192.jpeg,backhand
741,image_data/forehand/F_389.jpeg,F_389.jpeg,forehand
1886,image_data/serve/S_159.jpeg,S_159.jpeg,serve
1802,image_data/serve/S_489.jpeg,S_489.jpeg,serve
1884,image_data/serve/S_270.jpeg,S_270.jpeg,serve
87,image_data/backhand/B_378.jpeg,B_378.jpeg,backhand
390,image_data/backhand/B_418.jpeg,B_418.jpeg,backhand
1302,image_data/ready_position/R_173.jpeg,R_173.jpeg,ready_position
1488,image_data/ready_position/R_318.jpeg,R_318.jpeg,ready_position
879,image_data/forehand/F_379.jpeg,F_379.jpeg,forehand
350,image_data/backhand/B_014.jpeg,B_014.jpeg,backhand
1323,image_data/ready_position/R_426.jpeg,R_426.jpeg,ready_position
1356,image_data/ready_position/R_312.jpeg,R_312.jpeg,ready_position
851,image_data/forehand/F_309.jpeg,F_309.jpeg,forehand
673,image_data/forehand/F_310.jpeg,F_310.jpeg,forehand
1466,image_data/ready_position/R_457.jpeg,R_457.jpeg,ready_position
1388,image_data/ready_position/R_362.jpeg,R_362.jpeg,ready_position
1370,image_data/ready_position/R_328.jpeg,R_328.jpeg,ready_position
1161,image_data/ready_position/R_110.jpeg,R_110.jpeg,ready_position
224,image_data/backhand/B_128.jpeg,B_128.jpeg,backhand
1006,image_data/ready_position/R_136.jpeg,R_136.jpeg,ready_position
492,image_data/backhand/B_177.jpeg,B_177.jpeg,backhand
1131,image_data/ready_position/R_491.jpeg,R_491.jpeg,ready_position
1691,image_data/serve/S_235.jpeg,S_235.jpeg,serve
175,image_data/backhand/B_308.jpeg,B_308.jpeg,backhand
1248,image_data/ready_position/R_078.jpeg,R_078.jpeg,ready_position
43,image_data/backhand/B_292.jpeg,B_292.jpeg,backhand
839,image_data/forehand/F_446.jpeg,F_446.jpeg,forehand
1890,image_data/serve/S_175.jpeg,S_175.jpeg,serve
207,image_data/backhand/B_149.jpeg,B_149.jpeg,backhand
1541,image_data/serve/S_086.jpeg,S_086.jpeg,serve
1940,image_data/serve/S_247.jpeg,S_247.jpeg,serve
643,image_data/forehand/F_367.jpeg,F_367.jpeg,forehand
722,image_data/forehand/F_079.jpeg,F_079.jpeg,forehand
1427,image_data/ready_position/R_250.jpeg,R_250.jpeg,ready_position
955,image_data/forehand/F_227.jpeg,F_227.jpeg,forehand
1881,image_data/serve/S_266.jpeg,S_266.jpeg,serve
1983,image_data/serve/S_066.jpeg,S_066.jpeg,serve
1163,image_data/ready_position/R_055.jpeg,R_055.jpeg,ready_position
1777,image_data/serve/S_256.jpeg,S_256.jpeg,serve
1051,image_data/ready_position/R_291.jpeg,R_291.jpeg,ready_position
1861,image_data/serve/S_369.jpeg,S_369.jpeg,serve
28,image_data/backhand/B_007.jpeg,B_007.jpeg,backhand
1528,image_data/serve/S_244.jpeg,S_244.jpeg,serve
743,image_data/forehand/F_034.jpeg,F_034.jpeg,forehand
1522,image_data/serve/S_008.jpeg,S_008.jpeg,serve
329,image_data/backhand/B_472.jpeg,B_472.jpeg,backhand
421,image_data/backhand/B_443.jpeg,B_443.jpeg,backhand
1458,image_data/ready_position/R_103.jpeg,R_103.jpeg,ready_position
1157,image_data/ready_position/R_002.jpeg,R_002.jpeg,ready_position
838,image_data/forehand/F_368.jpeg,F_368.jpeg,forehand
1913,image_data/serve/S_285.jpeg,S_285.jpeg,serve
1341,image_data/ready_position/R_324.jpeg,R_324.jpeg,ready_position
41,image_data/backhand/B_441.jpeg,B_441.jpeg,backhand
1633,image_data/serve/S_350.jpeg,S_350.jpeg,serve
277,image_data/backhand/B_146.jpeg,B_146.jpeg,backhand
1891,image_data/serve/S_460.jpeg,S_460.jpeg,serve
88,image_data/backhand/B_051.jpeg,B_051.jpeg,backhand
148,image_data/backhand/B_492.jpeg,B_492.jpeg,backhand
871,image_data/forehand/F_299.jpeg,F_299.jpeg,forehand
920,image_data/forehand/F_334.jpeg,F_334.jpeg,forehand
1862,image_data/serve/S_040.jpeg,S_040.jpeg,serve
1192,image_data/ready_position/R_371.jpeg,R_371.jpeg,ready_position
1305,image_data/ready_position/R_348.jpeg,R_348.jpeg,ready_position
598,image_data/forehand/F_141.jpeg,F_141.jpeg,forehand
582,image_data/forehand/F_435.jpeg,F_435.jpeg,forehand
338,image_data/backhand/B_002.jpeg,B_002.jpeg,backhand
5,image_data/backhand/B_119.jpeg,B_119.jpeg,backhand
412,image_data/backhand/B_480.jpeg,B_480.jpeg,backhand
1703,image_data/serve/S_222.jpeg,S_222.jpeg,serve
867,image_data/forehand/F_221.jpeg,F_221.jpeg,forehand
1539,image_data/serve/S_439.jpeg,S_439.jpeg,serve
1737,image_data/serve/S_412.jpeg,S_412.jpeg,serve
709,image_data/forehand/F_043.jpeg,F_043.jpeg,forehand
837,image_data/forehand/F_387.jpeg,F_387.jpeg,forehand
718,image_data/forehand/F_346.jpeg,F_346.jpeg,forehand
1476,image_data/ready_position/R_477.jpeg,R_477.jpeg,ready_position
1013,image_data/ready_position/R_032.jpeg,R_032.jpeg,ready_position
1901,image_data/serve/S_163.jpeg,S_163.jpeg,serve
16,image_data/backhand/B_174.jpeg,B_174.jpeg,backhand
83,image_data/backhand/B_417.jpeg,B_417.jpeg,backhand
1403,image_data/ready_position/R_026.jpeg,R_026.jpeg,ready_position
1174,image_data/ready_position/R_126.jpeg,R_126.jpeg,ready_position
1463,image_data/ready_position/R_154.jpeg,R_154.jpeg,ready_position
1319,image_data/ready_position/R_471.jpeg,R_471.jpeg,ready_position
1139,image_data/ready_position/R_080.jpeg,R_080.jpeg,ready_position
1480,image_data/ready_position/R_359.jpeg,R_359.jpeg,ready_position
244,image_data/backhand/B_351.jpeg,B_351.jpeg,backhand
915,image_data/forehand/F_267.jpeg,F_267.jpeg,forehand
269,image_data/backhand/B_412.jpeg,B_412.jpeg,backhand
166,image_data/backhand/B_298.jpeg,B_298.jpeg,backhand
1757,image_data/serve/S_407.jpeg,S_407.jpeg,serve
1028,image_data/ready_position/R_244.jpeg,R_244.jpeg,ready_position
1170,image_data/ready_position/R_130.jpeg,R_130.jpeg,ready_position
772,image_data/forehand/F_125.jpeg,F_125.jpeg,forehand
112,image_data/backhand/B_270.jpeg,B_270.jpeg,backhand
1363,image_data/ready_position/R_410.jpeg,R_410.jpeg,ready_position
